rep,dt,n,cor,sub_n
1,2018-10-24T11:11:01Z,50,0.578259041,50
2,2018-10-24T11:11:01Z,50,0.703246683,50
3,2018-10-24T11:11:01Z,50,0.440280534,50
4,2018-10-24T11:11:01Z,50,0.673295505,50
5,2018-10-24T11:11:01Z,50,0.549134036,50
6,2018-10-24T11:11:01Z,50,0.371847091,50
7,2018-10-24T11:11:01Z,50,0.25076278,50
8,2018-10-24T11:11:01Z,50,0.597254399,50
9,2018-10-24T11:11:01Z,50,0.466375198,50
10,2018-10-24T11:11:01Z,50,0.614082629,50
11,2018-10-24T11:11:01Z,50,0.489295062,50
12,2018-10-24T11:11:01Z,50,0.595451203,50
13,2018-10-24T11:11:01Z,50,0.670678385,50
14,2018-10-24T11:11:01Z,50,0.561226773,50
15,2018-10-24T11:11:01Z,50,0.767565038,50
16,2018-10-24T11:11:01Z,50,0.302166531,50
17,2018-10-24T11:11:01Z,50,0.611404375,50
18,2018-10-24T11:11:01Z,50,0.745844469,50
19,2018-10-24T11:11:01Z,50,0.63763643,50
20,2018-10-24T11:11:01Z,50,0.580104666,50
21,2018-10-24T11:11:01Z,50,0.513903617,50
22,2018-10-24T11:11:01Z,50,0.672628367,50
23,2018-10-24T11:11:01Z,50,0.379196057,50
24,2018-10-24T11:11:01Z,50,0.683688531,50
25,2018-10-24T11:11:01Z,50,0.605011085,50
26,2018-10-24T11:11:01Z,50,0.624837922,50
27,2018-10-24T11:11:01Z,50,0.497611146,50
28,2018-10-24T11:11:01Z,50,0.562467898,50
29,2018-10-24T11:11:01Z,50,0.56077677,50
30,2018-10-24T11:11:01Z,50,0.585529847,50
31,2018-10-24T11:11:01Z,50,0.499120601,50
32,2018-10-24T11:11:01Z,50,0.550724727,50
33,2018-10-24T11:11:01Z,50,0.485621415,50
34,2018-10-24T11:11:01Z,50,0.493621973,50
35,2018-10-24T11:11:01Z,50,0.548606685,50
36,2018-10-24T11:11:01Z,50,0.45138474,50
37,2018-10-24T11:11:01Z,50,0.532374628,50
38,2018-10-24T11:11:01Z,50,0.704381732,50
39,2018-10-24T11:11:01Z,50,0.540864798,50
40,2018-10-24T11:11:01Z,50,0.69448373,50
41,2018-10-24T11:11:01Z,50,0.268131045,50
42,2018-10-24T11:11:01Z,50,0.580603412,50
43,2018-10-24T11:11:01Z,50,0.592385779,50
44,2018-10-24T11:11:01Z,50,0.322145786,50
45,2018-10-24T11:11:01Z,50,0.516645696,50
46,2018-10-24T11:11:01Z,50,0.304810464,50
47,2018-10-24T11:11:01Z,50,0.521198715,50
48,2018-10-24T11:11:01Z,50,0.375369942,50
49,2018-10-24T11:11:01Z,50,0.613176581,50
50,2018-10-24T11:11:01Z,50,0.236803305,50
51,2018-10-24T11:11:01Z,50,0.665460532,50
52,2018-10-24T11:11:01Z,50,0.553358967,50
53,2018-10-24T11:11:01Z,50,0.558304956,50
54,2018-10-24T11:11:01Z,50,0.396319639,50
55,2018-10-24T11:11:01Z,50,0.591267818,50
56,2018-10-24T11:11:01Z,50,0.503028757,50
57,2018-10-24T11:11:01Z,50,0.447991757,50
58,2018-10-24T11:11:01Z,50,0.690705141,50
59,2018-10-24T11:11:01Z,50,0.456245585,50
60,2018-10-24T11:11:01Z,50,0.682270924,50
61,2018-10-24T11:11:01Z,50,0.563400094,50
62,2018-10-24T11:11:01Z,50,0.471350633,50
63,2018-10-24T11:11:01Z,50,0.512980026,50
64,2018-10-24T11:11:01Z,50,0.429256593,50
65,2018-10-24T11:11:01Z,50,0.566714835,50
66,2018-10-24T11:11:01Z,50,0.576281046,50
67,2018-10-24T11:11:01Z,50,0.566872158,50
68,2018-10-24T11:11:01Z,50,0.728108605,50
69,2018-10-24T11:11:01Z,50,0.646607436,50
70,2018-10-24T11:11:01Z,50,0.309839574,50
71,2018-10-24T11:11:01Z,50,0.619233482,50
72,2018-10-24T11:11:01Z,50,0.480642763,50
73,2018-10-24T11:11:01Z,50,0.544412112,50
74,2018-10-24T11:11:01Z,50,0.468225541,50
75,2018-10-24T11:11:01Z,50,0.636233822,50
76,2018-10-24T11:11:01Z,50,0.546076457,50
77,2018-10-24T11:11:01Z,50,0.535529976,50
78,2018-10-24T11:11:01Z,50,0.658267816,50
79,2018-10-24T11:11:01Z,50,0.500755931,50
80,2018-10-24T11:11:01Z,50,0.521420519,50
81,2018-10-24T11:11:01Z,50,-0.114246008,50
82,2018-10-24T11:11:01Z,50,0.520135723,50
83,2018-10-24T11:11:01Z,50,0.527019443,50
84,2018-10-24T11:11:01Z,50,0.62332879,50
85,2018-10-24T11:11:01Z,50,0.599854169,50
86,2018-10-24T11:11:01Z,50,0.511398613,50
87,2018-10-24T11:11:01Z,50,0.533057615,50
88,2018-10-24T11:11:01Z,50,0.413804912,50
89,2018-10-24T11:11:01Z,50,0.622912348,50
90,2018-10-24T11:11:01Z,50,0.399729597,50
91,2018-10-24T11:11:01Z,50,0.486993407,50
92,2018-10-24T11:11:01Z,50,0.379270856,50
93,2018-10-24T11:11:01Z,50,0.278819135,50
94,2018-10-24T11:11:01Z,50,0.5445404,50
95,2018-10-24T11:11:01Z,50,0.612731782,50
96,2018-10-24T11:11:01Z,50,0.370128252,50
97,2018-10-24T11:11:01Z,50,0.537733474,50
98,2018-10-24T11:11:01Z,50,0.506475629,50
99,2018-10-24T11:11:01Z,50,0.598593128,50
100,2018-10-24T11:11:01Z,50,0.387054452,50
1,2018-10-24T11:11:01Z,45,0.413888139,50
2,2018-10-24T11:11:01Z,45,0.615787796,50
3,2018-10-24T11:11:01Z,45,0.355525496,50
4,2018-10-24T11:11:01Z,45,0.633190656,50
5,2018-10-24T11:11:01Z,45,0.566409043,50
6,2018-10-24T11:11:01Z,45,0.660153963,50
7,2018-10-24T11:11:01Z,45,0.357007715,50
8,2018-10-24T11:11:01Z,45,0.613575399,50
9,2018-10-24T11:11:01Z,45,0.369593261,50
10,2018-10-24T11:11:01Z,45,0.403500788,50
11,2018-10-24T11:11:01Z,45,0.332577275,50
12,2018-10-24T11:11:01Z,45,0.558477152,50
13,2018-10-24T11:11:01Z,45,0.45057081,50
14,2018-10-24T11:11:01Z,45,0.682807169,50
15,2018-10-24T11:11:01Z,45,0.688348331,50
16,2018-10-24T11:11:01Z,45,0.538692857,50
17,2018-10-24T11:11:01Z,45,0.491457705,50
18,2018-10-24T11:11:01Z,45,0.682829265,50
19,2018-10-24T11:11:01Z,45,0.586927532,50
20,2018-10-24T11:11:01Z,45,0.49814512,50
21,2018-10-24T11:11:01Z,45,0.455502313,50
22,2018-10-24T11:11:01Z,45,0.557598103,50
23,2018-10-24T11:11:01Z,45,0.353302839,50
24,2018-10-24T11:11:01Z,45,0.450890079,50
25,2018-10-24T11:11:01Z,45,0.201887549,50
26,2018-10-24T11:11:01Z,45,0.625453057,50
27,2018-10-24T11:11:01Z,45,0.389010413,50
28,2018-10-24T11:11:01Z,45,0.449553366,50
29,2018-10-24T11:11:01Z,45,0.56403203,50
30,2018-10-24T11:11:01Z,45,0.626038877,50
31,2018-10-24T11:11:01Z,45,0.443353537,50
32,2018-10-24T11:11:01Z,45,0.252453156,50
33,2018-10-24T11:11:01Z,45,0.517494798,50
34,2018-10-24T11:11:01Z,45,0.284638674,50
35,2018-10-24T11:11:01Z,45,0.503043192,50
36,2018-10-24T11:11:01Z,45,0.635696268,50
37,2018-10-24T11:11:01Z,45,0.452300882,50
38,2018-10-24T11:11:01Z,45,0.584063181,50
39,2018-10-24T11:11:01Z,45,0.493297612,50
40,2018-10-24T11:11:01Z,45,0.46791839,50
41,2018-10-24T11:11:01Z,45,0.56465177,50
42,2018-10-24T11:11:01Z,45,0.533709795,50
43,2018-10-24T11:11:01Z,45,0.212175472,50
44,2018-10-24T11:11:01Z,45,0.580269538,50
45,2018-10-24T11:11:01Z,45,0.640209361,50
46,2018-10-24T11:11:01Z,45,0.586132957,50
47,2018-10-24T11:11:01Z,45,-0.135904588,50
48,2018-10-24T11:11:01Z,45,0.615258523,50
49,2018-10-24T11:11:01Z,45,0.613459956,50
50,2018-10-24T11:11:01Z,45,0.517923741,50
51,2018-10-24T11:11:01Z,45,0.601342359,50
52,2018-10-24T11:11:01Z,45,0.598856406,50
53,2018-10-24T11:11:01Z,45,0.352270055,50
54,2018-10-24T11:11:01Z,45,0.360751266,50
55,2018-10-24T11:11:01Z,45,0.598077103,50
56,2018-10-24T11:11:01Z,45,0.247591677,50
57,2018-10-24T11:11:01Z,45,0.420978212,50
58,2018-10-24T11:11:01Z,45,0.754830772,50
59,2018-10-24T11:11:01Z,45,0.386890004,50
60,2018-10-24T11:11:01Z,45,0.493129857,50
61,2018-10-24T11:11:01Z,45,0.697041897,50
62,2018-10-24T11:11:01Z,45,0.655924894,50
63,2018-10-24T11:11:01Z,45,0.448670844,50
64,2018-10-24T11:11:01Z,45,0.68133009,50
65,2018-10-24T11:11:01Z,45,0.361591006,50
66,2018-10-24T11:11:01Z,45,0.47877017,50
67,2018-10-24T11:11:01Z,45,0.251088879,50
68,2018-10-24T11:11:01Z,45,0.516243322,50
69,2018-10-24T11:11:01Z,45,0.486026446,50
70,2018-10-24T11:11:01Z,45,0.507329494,50
71,2018-10-24T11:11:01Z,45,0.593366951,50
72,2018-10-24T11:11:01Z,45,0.526995684,50
73,2018-10-24T11:11:01Z,45,0.3064149,50
74,2018-10-24T11:11:01Z,45,0.572980954,50
75,2018-10-24T11:11:01Z,45,0.646325399,50
76,2018-10-24T11:11:01Z,45,0.449989129,50
77,2018-10-24T11:11:01Z,45,0.61505744,50
78,2018-10-24T11:11:01Z,45,0.704030058,50
79,2018-10-24T11:11:01Z,45,0.534984999,50
80,2018-10-24T11:11:01Z,45,0.623217345,50
81,2018-10-24T11:11:01Z,45,0.352124226,50
82,2018-10-24T11:11:01Z,45,0.615617872,50
83,2018-10-24T11:11:01Z,45,0.620465943,50
84,2018-10-24T11:11:01Z,45,0.59982122,50
85,2018-10-24T11:11:01Z,45,0.753350164,50
86,2018-10-24T11:11:01Z,45,0.666735135,50
87,2018-10-24T11:11:01Z,45,0.666646173,50
88,2018-10-24T11:11:01Z,45,0.584885758,50
89,2018-10-24T11:11:01Z,45,0.659684194,50
90,2018-10-24T11:11:01Z,45,0.570722886,50
91,2018-10-24T11:11:01Z,45,0.441130593,50
92,2018-10-24T11:11:01Z,45,0.435610932,50
93,2018-10-24T11:11:01Z,45,0.411161813,50
94,2018-10-24T11:11:01Z,45,0.676331352,50
95,2018-10-24T11:11:01Z,45,0.469121628,50
96,2018-10-24T11:11:01Z,45,0.625258089,50
97,2018-10-24T11:11:01Z,45,0.505175656,50
98,2018-10-24T11:11:01Z,45,0.60319164,50
99,2018-10-24T11:11:01Z,45,0.455536141,50
100,2018-10-24T11:11:01Z,45,0.501959284,50
1,2018-10-24T11:11:01Z,40,0.056386509,50
2,2018-10-24T11:11:01Z,40,0.007550579,50
3,2018-10-24T11:11:01Z,40,0.506997551,50
4,2018-10-24T11:11:01Z,40,0.626202654,50
5,2018-10-24T11:11:01Z,40,0.608543915,50
6,2018-10-24T11:11:01Z,40,0.440197841,50
7,2018-10-24T11:11:01Z,40,0.482709017,50
8,2018-10-24T11:11:01Z,40,0.650193644,50
9,2018-10-24T11:11:01Z,40,0.574418044,50
10,2018-10-24T11:11:01Z,40,0.402744859,50
11,2018-10-24T11:11:01Z,40,0.410733559,50
12,2018-10-24T11:11:01Z,40,0.516874227,50
13,2018-10-24T11:11:01Z,40,0.208457951,50
14,2018-10-24T11:11:01Z,40,0.492222236,50
15,2018-10-24T11:11:01Z,40,0.363669177,50
16,2018-10-24T11:11:01Z,40,0.322595635,50
17,2018-10-24T11:11:01Z,40,0.537302218,50
18,2018-10-24T11:11:01Z,40,0.49528076,50
19,2018-10-24T11:11:01Z,40,0.54084278,50
20,2018-10-24T11:11:01Z,40,0.506051243,50
21,2018-10-24T11:11:01Z,40,0.672890811,50
22,2018-10-24T11:11:01Z,40,0.376819741,50
23,2018-10-24T11:11:01Z,40,0.546916454,50
24,2018-10-24T11:11:01Z,40,0.601924507,50
25,2018-10-24T11:11:01Z,40,0.593135791,50
26,2018-10-24T11:11:01Z,40,0.299444788,50
27,2018-10-24T11:11:01Z,40,0.551537197,50
28,2018-10-24T11:11:01Z,40,0.486239627,50
29,2018-10-24T11:11:01Z,40,0.512917192,50
30,2018-10-24T11:11:01Z,40,0.606961246,50
31,2018-10-24T11:11:01Z,40,0.537618906,50
32,2018-10-24T11:11:01Z,40,0.450057351,50
33,2018-10-24T11:11:01Z,40,0.701973173,50
34,2018-10-24T11:11:01Z,40,0.193386027,50
35,2018-10-24T11:11:01Z,40,0.531130987,50
36,2018-10-24T11:11:01Z,40,0.297880821,50
37,2018-10-24T11:11:01Z,40,0.37109633400000003,50
38,2018-10-24T11:11:01Z,40,0.627965332,50
39,2018-10-24T11:11:01Z,40,0.488019882,50
40,2018-10-24T11:11:01Z,40,0.501230821,50
41,2018-10-24T11:11:01Z,40,0.479417122,50
42,2018-10-24T11:11:01Z,40,0.526808382,50
43,2018-10-24T11:11:01Z,40,0.595515261,50
44,2018-10-24T11:11:01Z,40,0.603453633,50
45,2018-10-24T11:11:01Z,40,0.354883839,50
46,2018-10-24T11:11:01Z,40,0.571322589,50
47,2018-10-24T11:11:01Z,40,0.525663042,50
48,2018-10-24T11:11:01Z,40,0.658516916,50
49,2018-10-24T11:11:01Z,40,-0.005549642,50
50,2018-10-24T11:11:01Z,40,0.331633954,50
51,2018-10-24T11:11:01Z,40,0.460639224,50
52,2018-10-24T11:11:01Z,40,0.495950523,50
53,2018-10-24T11:11:01Z,40,0.126358541,50
54,2018-10-24T11:11:01Z,40,0.514584409,50
55,2018-10-24T11:11:01Z,40,0.572630104,50
56,2018-10-24T11:11:01Z,40,0.595003949,50
57,2018-10-24T11:11:01Z,40,0.645366033,50
58,2018-10-24T11:11:01Z,40,0.484203748,50
59,2018-10-24T11:11:01Z,40,0.698278167,50
60,2018-10-24T11:11:01Z,40,0.600325275,50
61,2018-10-24T11:11:01Z,40,0.576735528,50
62,2018-10-24T11:11:01Z,40,0.196490665,50
63,2018-10-24T11:11:01Z,40,0.52709122,50
64,2018-10-24T11:11:01Z,40,0.507319099,50
65,2018-10-24T11:11:01Z,40,0.58301864,50
66,2018-10-24T11:11:01Z,40,0.47912397,50
67,2018-10-24T11:11:01Z,40,0.527719675,50
68,2018-10-24T11:11:01Z,40,0.71830904,50
69,2018-10-24T11:11:01Z,40,0.415990176,50
70,2018-10-24T11:11:01Z,40,0.414288364,50
71,2018-10-24T11:11:01Z,40,0.437763928,50
72,2018-10-24T11:11:01Z,40,0.50817386,50
73,2018-10-24T11:11:01Z,40,0.568601163,50
74,2018-10-24T11:11:01Z,40,0.494317325,50
75,2018-10-24T11:11:01Z,40,0.567983812,50
76,2018-10-24T11:11:01Z,40,0.56182478,50
77,2018-10-24T11:11:01Z,40,0.654761154,50
78,2018-10-24T11:11:01Z,40,0.232756771,50
79,2018-10-24T11:11:01Z,40,0.541949782,50
80,2018-10-24T11:11:01Z,40,0.447468529,50
81,2018-10-24T11:11:01Z,40,0.466566596,50
82,2018-10-24T11:11:01Z,40,0.420926077,50
83,2018-10-24T11:11:01Z,40,0.446822131,50
84,2018-10-24T11:11:01Z,40,0.481460803,50
85,2018-10-24T11:11:01Z,40,0.587022469,50
86,2018-10-24T11:11:01Z,40,0.584233313,50
87,2018-10-24T11:11:01Z,40,0.45795287,50
88,2018-10-24T11:11:01Z,40,0.284035237,50
89,2018-10-24T11:11:01Z,40,0.740193131,50
90,2018-10-24T11:11:01Z,40,0.387088968,50
91,2018-10-24T11:11:01Z,40,0.487713097,50
92,2018-10-24T11:11:01Z,40,0.419614086,50
93,2018-10-24T11:11:01Z,40,0.414928817,50
94,2018-10-24T11:11:01Z,40,0.25441328,50
95,2018-10-24T11:11:01Z,40,0.541578959,50
96,2018-10-24T11:11:01Z,40,0.30149739,50
97,2018-10-24T11:11:01Z,40,0.66424663,50
98,2018-10-24T11:11:01Z,40,0.292958885,50
99,2018-10-24T11:11:01Z,40,0.633268828,50
100,2018-10-24T11:11:01Z,40,0.468812211,50
1,2018-10-24T11:11:01Z,35,0.446934531,50
2,2018-10-24T11:11:01Z,35,0.628131341,50
3,2018-10-24T11:11:01Z,35,0.276772446,50
4,2018-10-24T11:11:01Z,35,0.52606877,50
5,2018-10-24T11:11:01Z,35,0.430115838,50
6,2018-10-24T11:11:01Z,35,0.63006142,50
7,2018-10-24T11:11:01Z,35,0.26070665,50
8,2018-10-24T11:11:01Z,35,0.578528226,50
9,2018-10-24T11:11:01Z,35,0.458923308,50
10,2018-10-24T11:11:01Z,35,0.551989549,50
11,2018-10-24T11:11:01Z,35,0.371560891,50
12,2018-10-24T11:11:01Z,35,0.37794415,50
13,2018-10-24T11:11:01Z,35,0.353154301,50
14,2018-10-24T11:11:01Z,35,0.306980498,50
15,2018-10-24T11:11:01Z,35,0.619021509,50
16,2018-10-24T11:11:01Z,35,0.527189336,50
17,2018-10-24T11:11:01Z,35,0.537439761,50
18,2018-10-24T11:11:01Z,35,0.418529073,50
19,2018-10-24T11:11:01Z,35,0.714604083,50
20,2018-10-24T11:11:01Z,35,0.540943399,50
21,2018-10-24T11:11:01Z,35,0.407259366,50
22,2018-10-24T11:11:01Z,35,0.471212678,50
23,2018-10-24T11:11:01Z,35,0.331772209,50
24,2018-10-24T11:11:01Z,35,0.569432035,50
25,2018-10-24T11:11:01Z,35,0.425006881,50
26,2018-10-24T11:11:01Z,35,0.476556859,50
27,2018-10-24T11:11:01Z,35,0.369634129,50
28,2018-10-24T11:11:01Z,35,0.513867129,50
29,2018-10-24T11:11:01Z,35,0.438003207,50
30,2018-10-24T11:11:01Z,35,0.610783654,50
31,2018-10-24T11:11:01Z,35,0.340590016,50
32,2018-10-24T11:11:01Z,35,0.451972297,50
33,2018-10-24T11:11:01Z,35,0.013745799,50
34,2018-10-24T11:11:01Z,35,0.279138022,50
35,2018-10-24T11:11:01Z,35,0.549377631,50
36,2018-10-24T11:11:01Z,35,0.331664244,50
37,2018-10-24T11:11:01Z,35,0.455866772,50
38,2018-10-24T11:11:01Z,35,0.629186351,50
39,2018-10-24T11:11:01Z,35,0.359798669,50
40,2018-10-24T11:11:01Z,35,0.465455739,50
41,2018-10-24T11:11:01Z,35,0.406326733,50
42,2018-10-24T11:11:01Z,35,0.634006332,50
43,2018-10-24T11:11:01Z,35,0.511295046,50
44,2018-10-24T11:11:01Z,35,0.27010482,50
45,2018-10-24T11:11:01Z,35,0.458017193,50
46,2018-10-24T11:11:01Z,35,0.467797499,50
47,2018-10-24T11:11:01Z,35,0.542693774,50
48,2018-10-24T11:11:01Z,35,0.469795468,50
49,2018-10-24T11:11:01Z,35,0.645453986,50
50,2018-10-24T11:11:01Z,35,0.280109928,50
51,2018-10-24T11:11:01Z,35,0.418451431,50
52,2018-10-24T11:11:01Z,35,0.498857861,50
53,2018-10-24T11:11:01Z,35,0.419429641,50
54,2018-10-24T11:11:01Z,35,0.404161655,50
55,2018-10-24T11:11:01Z,35,0.712657499,50
56,2018-10-24T11:11:01Z,35,-0.041757329,50
57,2018-10-24T11:11:01Z,35,0.505899624,50
58,2018-10-24T11:11:01Z,35,0.620226106,50
59,2018-10-24T11:11:01Z,35,0.461248533,50
60,2018-10-24T11:11:01Z,35,0.496244777,50
61,2018-10-24T11:11:01Z,35,0.419278828,50
62,2018-10-24T11:11:01Z,35,0.09707416,50
63,2018-10-24T11:11:01Z,35,0.197372927,50
64,2018-10-24T11:11:01Z,35,0.367555689,50
65,2018-10-24T11:11:01Z,35,0.566664458,50
66,2018-10-24T11:11:01Z,35,0.254720441,50
67,2018-10-24T11:11:01Z,35,0.637445012,50
68,2018-10-24T11:11:01Z,35,0.229468801,50
69,2018-10-24T11:11:01Z,35,0.510207052,50
70,2018-10-24T11:11:01Z,35,0.446092142,50
71,2018-10-24T11:11:01Z,35,0.49859968,50
72,2018-10-24T11:11:01Z,35,0.533254726,50
73,2018-10-24T11:11:01Z,35,0.109724568,50
74,2018-10-24T11:11:01Z,35,0.440841002,50
75,2018-10-24T11:11:01Z,35,0.469573802,50
76,2018-10-24T11:11:01Z,35,0.560073319,50
77,2018-10-24T11:11:01Z,35,0.613999098,50
78,2018-10-24T11:11:01Z,35,0.605980991,50
79,2018-10-24T11:11:01Z,35,0.576904013,50
80,2018-10-24T11:11:01Z,35,0.508356115,50
81,2018-10-24T11:11:01Z,35,0.44215358,50
82,2018-10-24T11:11:01Z,35,0.481191139,50
83,2018-10-24T11:11:01Z,35,0.647429737,50
84,2018-10-24T11:11:01Z,35,0.265871578,50
85,2018-10-24T11:11:01Z,35,0.38255432,50
86,2018-10-24T11:11:01Z,35,0.619604116,50
87,2018-10-24T11:11:01Z,35,0.522182066,50
88,2018-10-24T11:11:01Z,35,0.444824996,50
89,2018-10-24T11:11:01Z,35,0.51333949,50
90,2018-10-24T11:11:01Z,35,0.570177794,50
91,2018-10-24T11:11:01Z,35,0.621597956,50
92,2018-10-24T11:11:01Z,35,0.544180108,50
93,2018-10-24T11:11:01Z,35,-0.01596411,50
94,2018-10-24T11:11:01Z,35,0.50652188,50
95,2018-10-24T11:11:01Z,35,0.483397026,50
96,2018-10-24T11:11:01Z,35,0.401379355,50
97,2018-10-24T11:11:01Z,35,0.384741948,50
98,2018-10-24T11:11:01Z,35,0.367327637,50
99,2018-10-24T11:11:01Z,35,0.640708172,50
100,2018-10-24T11:11:01Z,35,0.615908465,50
1,2018-10-24T11:11:01Z,30,0.409865248,50
2,2018-10-24T11:11:01Z,30,0.396171125,50
3,2018-10-24T11:11:01Z,30,0.431425672,50
4,2018-10-24T11:11:01Z,30,0.251576879,50
5,2018-10-24T11:11:01Z,30,0.484847751,50
6,2018-10-24T11:11:01Z,30,0.233380908,50
7,2018-10-24T11:11:01Z,30,0.34170557,50
8,2018-10-24T11:11:01Z,30,0.591826738,50
9,2018-10-24T11:11:01Z,30,0.267198138,50
10,2018-10-24T11:11:01Z,30,0.516351606,50
11,2018-10-24T11:11:01Z,30,0.311202653,50
12,2018-10-24T11:11:01Z,30,0.299175499,50
13,2018-10-24T11:11:01Z,30,-0.176052629,50
14,2018-10-24T11:11:01Z,30,0.283845826,50
15,2018-10-24T11:11:01Z,30,0.304111381,50
16,2018-10-24T11:11:01Z,30,0.261840332,50
17,2018-10-24T11:11:01Z,30,0.387809833,50
18,2018-10-24T11:11:01Z,30,0.554586413,50
19,2018-10-24T11:11:01Z,30,0.415912632,50
20,2018-10-24T11:11:01Z,30,0.528824848,50
21,2018-10-24T11:11:01Z,30,0.440865984,50
22,2018-10-24T11:11:01Z,30,0.07489402,50
23,2018-10-24T11:11:01Z,30,0.551715729,50
24,2018-10-24T11:11:01Z,30,0.44935586,50
25,2018-10-24T11:11:01Z,30,-0.015593073,50
26,2018-10-24T11:11:01Z,30,0.134044439,50
27,2018-10-24T11:11:01Z,30,0.283977307,50
28,2018-10-24T11:11:01Z,30,0.57445794,50
29,2018-10-24T11:11:01Z,30,0.467706682,50
30,2018-10-24T11:11:01Z,30,0.440945796,50
31,2018-10-24T11:11:01Z,30,0.37109503,50
32,2018-10-24T11:11:01Z,30,0.34107317,50
33,2018-10-24T11:11:01Z,30,0.445669645,50
34,2018-10-24T11:11:01Z,30,-0.04807695,50
35,2018-10-24T11:11:01Z,30,0.338634184,50
36,2018-10-24T11:11:01Z,30,0.336751166,50
37,2018-10-24T11:11:01Z,30,0.40709616,50
38,2018-10-24T11:11:01Z,30,0.520212835,50
39,2018-10-24T11:11:01Z,30,0.043179501,50
40,2018-10-24T11:11:01Z,30,0.579644283,50
41,2018-10-24T11:11:01Z,30,0.304584996,50
42,2018-10-24T11:11:01Z,30,0.620225448,50
43,2018-10-24T11:11:01Z,30,0.551749236,50
44,2018-10-24T11:11:01Z,30,0.502575796,50
45,2018-10-24T11:11:01Z,30,0.465163211,50
46,2018-10-24T11:11:01Z,30,0.453909853,50
47,2018-10-24T11:11:01Z,30,0.438665303,50
48,2018-10-24T11:11:01Z,30,0.589404292,50
49,2018-10-24T11:11:01Z,30,0.505208154,50
50,2018-10-24T11:11:01Z,30,0.511528616,50
51,2018-10-24T11:11:01Z,30,0.578430617,50
52,2018-10-24T11:11:01Z,30,0.504031051,50
53,2018-10-24T11:11:01Z,30,0.189632038,50
54,2018-10-24T11:11:01Z,30,0.022391242,50
55,2018-10-24T11:11:01Z,30,0.67497022,50
56,2018-10-24T11:11:01Z,30,0.496589276,50
57,2018-10-24T11:11:01Z,30,0.309710121,50
58,2018-10-24T11:11:01Z,30,0.183923795,50
59,2018-10-24T11:11:01Z,30,0.343893899,50
60,2018-10-24T11:11:01Z,30,0.348637331,50
61,2018-10-24T11:11:01Z,30,0.141777635,50
62,2018-10-24T11:11:01Z,30,0.418293786,50
63,2018-10-24T11:11:01Z,30,0.543624919,50
64,2018-10-24T11:11:01Z,30,0.392363214,50
65,2018-10-24T11:11:01Z,30,0.465912799,50
66,2018-10-24T11:11:01Z,30,0.528042255,50
67,2018-10-24T11:11:01Z,30,0.318756573,50
68,2018-10-24T11:11:01Z,30,0.468275536,50
69,2018-10-24T11:11:01Z,30,0.513595705,50
70,2018-10-24T11:11:01Z,30,-0.158260113,50
71,2018-10-24T11:11:01Z,30,0.471071998,50
72,2018-10-24T11:11:01Z,30,0.089956661,50
73,2018-10-24T11:11:01Z,30,0.338783377,50
74,2018-10-24T11:11:01Z,30,0.032368741,50
75,2018-10-24T11:11:01Z,30,0.55585144,50
76,2018-10-24T11:11:01Z,30,0.575064581,50
77,2018-10-24T11:11:01Z,30,0.561017066,50
78,2018-10-24T11:11:01Z,30,0.543854975,50
79,2018-10-24T11:11:01Z,30,0.506874009,50
80,2018-10-24T11:11:01Z,30,0.31946555,50
81,2018-10-24T11:11:01Z,30,0.035907248,50
82,2018-10-24T11:11:01Z,30,0.629314644,50
83,2018-10-24T11:11:01Z,30,0.586246924,50
84,2018-10-24T11:11:01Z,30,0.15995553,50
85,2018-10-24T11:11:01Z,30,0.480192333,50
86,2018-10-24T11:11:01Z,30,0.553304814,50
87,2018-10-24T11:11:01Z,30,0.455071286,50
88,2018-10-24T11:11:01Z,30,0.302969608,50
89,2018-10-24T11:11:01Z,30,0.355424901,50
90,2018-10-24T11:11:01Z,30,0.312631865,50
91,2018-10-24T11:11:01Z,30,0.594022522,50
92,2018-10-24T11:11:01Z,30,0.483715018,50
93,2018-10-24T11:11:01Z,30,0.388575462,50
94,2018-10-24T11:11:01Z,30,0.237446591,50
95,2018-10-24T11:11:01Z,30,0.268750843,50
96,2018-10-24T11:11:01Z,30,0.417131965,50
97,2018-10-24T11:11:01Z,30,0.165564427,50
98,2018-10-24T11:11:01Z,30,0.500615951,50
99,2018-10-24T11:11:01Z,30,0.646095386,50
100,2018-10-24T11:11:01Z,30,0.626438583,50
1,2018-10-24T11:11:01Z,25,0.122209598,50
2,2018-10-24T11:11:01Z,25,0.403520026,50
3,2018-10-24T11:11:01Z,25,0.264887256,50
4,2018-10-24T11:11:01Z,25,0.452873151,50
5,2018-10-24T11:11:01Z,25,-0.086361474,50
6,2018-10-24T11:11:01Z,25,0.525448093,50
7,2018-10-24T11:11:01Z,25,0.090191819,50
8,2018-10-24T11:11:01Z,25,0.450457335,50
9,2018-10-24T11:11:01Z,25,0.267805946,50
10,2018-10-24T11:11:01Z,25,-0.061278126,50
11,2018-10-24T11:11:01Z,25,0.159350102,50
12,2018-10-24T11:11:01Z,25,-0.075767277,50
13,2018-10-24T11:11:01Z,25,0.386398193,50
14,2018-10-24T11:11:01Z,25,0.449002468,50
15,2018-10-24T11:11:01Z,25,-0.135209019,50
16,2018-10-24T11:11:01Z,25,0.365493543,50
17,2018-10-24T11:11:01Z,25,0.736328981,50
18,2018-10-24T11:11:01Z,25,0.445131564,50
19,2018-10-24T11:11:01Z,25,0.513616708,50
20,2018-10-24T11:11:01Z,25,0.506647619,50
21,2018-10-24T11:11:01Z,25,0.308340936,50
22,2018-10-24T11:11:01Z,25,0.212235625,50
23,2018-10-24T11:11:01Z,25,0.525201067,50
24,2018-10-24T11:11:01Z,25,0.20766069,50
25,2018-10-24T11:11:01Z,25,0.041862632,50
26,2018-10-24T11:11:01Z,25,0.017058913,50
27,2018-10-24T11:11:01Z,25,0.339545262,50
28,2018-10-24T11:11:01Z,25,0.399350301,50
29,2018-10-24T11:11:01Z,25,0.454539438,50
30,2018-10-24T11:11:01Z,25,0.578989235,50
31,2018-10-24T11:11:01Z,25,0.338097969,50
32,2018-10-24T11:11:01Z,25,0.272916875,50
33,2018-10-24T11:11:01Z,25,0.529384741,50
34,2018-10-24T11:11:01Z,25,0.488514018,50
35,2018-10-24T11:11:01Z,25,0.394903414,50
36,2018-10-24T11:11:01Z,25,0.350837166,50
37,2018-10-24T11:11:01Z,25,0.455143413,50
38,2018-10-24T11:11:01Z,25,0.461959556,50
39,2018-10-24T11:11:01Z,25,0.050646679,50
40,2018-10-24T11:11:01Z,25,0.639460606,50
41,2018-10-24T11:11:01Z,25,0.46797262,50
42,2018-10-24T11:11:01Z,25,0.156854651,50
43,2018-10-24T11:11:01Z,25,0.19939538,50
44,2018-10-24T11:11:01Z,25,0.262954278,50
45,2018-10-24T11:11:01Z,25,0.318064274,50
46,2018-10-24T11:11:01Z,25,0.252396178,50
47,2018-10-24T11:11:01Z,25,0.338136988,50
48,2018-10-24T11:11:01Z,25,0.516531259,50
49,2018-10-24T11:11:01Z,25,0.481199181,50
50,2018-10-24T11:11:01Z,25,0.151988397,50
51,2018-10-24T11:11:01Z,25,0.246186721,50
52,2018-10-24T11:11:01Z,25,0.376927347,50
53,2018-10-24T11:11:01Z,25,0.246948455,50
54,2018-10-24T11:11:01Z,25,0.419941281,50
55,2018-10-24T11:11:01Z,25,0.130564913,50
56,2018-10-24T11:11:01Z,25,0.331548333,50
57,2018-10-24T11:11:01Z,25,0.307595697,50
58,2018-10-24T11:11:01Z,25,-0.012269947,50
59,2018-10-24T11:11:01Z,25,0.136475086,50
60,2018-10-24T11:11:01Z,25,0.430993043,50
61,2018-10-24T11:11:01Z,25,0.363634507,50
62,2018-10-24T11:11:01Z,25,0.371578239,50
63,2018-10-24T11:11:01Z,25,0.581177128,50
64,2018-10-24T11:11:01Z,25,0.350053294,50
65,2018-10-24T11:11:01Z,25,0.536535536,50
66,2018-10-24T11:11:01Z,25,0.246720624,50
67,2018-10-24T11:11:01Z,25,0.324126388,50
68,2018-10-24T11:11:01Z,25,0.297572241,50
69,2018-10-24T11:11:01Z,25,0.298763366,50
70,2018-10-24T11:11:01Z,25,0.462700095,50
71,2018-10-24T11:11:01Z,25,0.286590119,50
72,2018-10-24T11:11:01Z,25,0.004579845,50
73,2018-10-24T11:11:01Z,25,0.228423211,50
74,2018-10-24T11:11:01Z,25,0.507520309,50
75,2018-10-24T11:11:01Z,25,0.261930864,50
76,2018-10-24T11:11:01Z,25,0.216950524,50
77,2018-10-24T11:11:01Z,25,0.28020467,50
78,2018-10-24T11:11:01Z,25,0.473820814,50
79,2018-10-24T11:11:01Z,25,0.409188633,50
80,2018-10-24T11:11:01Z,25,0.509500282,50
81,2018-10-24T11:11:01Z,25,-0.030143458,50
82,2018-10-24T11:11:01Z,25,0.514605791,50
83,2018-10-24T11:11:01Z,25,0.656038617,50
84,2018-10-24T11:11:01Z,25,0.68123755,50
85,2018-10-24T11:11:01Z,25,0.405752387,50
86,2018-10-24T11:11:01Z,25,0.556064076,50
87,2018-10-24T11:11:01Z,25,0.3897475,50
88,2018-10-24T11:11:01Z,25,0.022133191,50
89,2018-10-24T11:11:01Z,25,0.628628157,50
90,2018-10-24T11:11:01Z,25,0.549173238,50
91,2018-10-24T11:11:01Z,25,0.176284608,50
92,2018-10-24T11:11:01Z,25,0.479642429,50
93,2018-10-24T11:11:01Z,25,0.258198469,50
94,2018-10-24T11:11:01Z,25,0.49873273,50
95,2018-10-24T11:11:01Z,25,0.547680688,50
96,2018-10-24T11:11:01Z,25,0.072197593,50
97,2018-10-24T11:11:01Z,25,0.493710625,50
98,2018-10-24T11:11:01Z,25,0.610525291,50
99,2018-10-24T11:11:01Z,25,0.441721934,50
100,2018-10-24T11:11:01Z,25,0.580184963,50
1,2018-10-24T11:11:01Z,20,-0.061221499,50
2,2018-10-24T11:11:01Z,20,0.492388816,50
3,2018-10-24T11:11:01Z,20,0.273083655,50
4,2018-10-24T11:11:01Z,20,0.305217804,50
5,2018-10-24T11:11:01Z,20,-0.042284911,50
6,2018-10-24T11:11:01Z,20,0.325288402,50
7,2018-10-24T11:11:01Z,20,0.067969232,50
8,2018-10-24T11:11:01Z,20,0.324496023,50
9,2018-10-24T11:11:01Z,20,0.235662968,50
10,2018-10-24T11:11:01Z,20,0.294964942,50
11,2018-10-24T11:11:01Z,20,0.284311084,50
12,2018-10-24T11:11:01Z,20,0.572647129,50
13,2018-10-24T11:11:01Z,20,0.315408207,50
14,2018-10-24T11:11:01Z,20,0.072302614,50
15,2018-10-24T11:11:01Z,20,-0.125377123,50
16,2018-10-24T11:11:01Z,20,0.152245904,50
17,2018-10-24T11:11:01Z,20,0.239360056,50
18,2018-10-24T11:11:01Z,20,0.656176294,50
19,2018-10-24T11:11:01Z,20,0.028126726,50
20,2018-10-24T11:11:01Z,20,0.373219736,50
21,2018-10-24T11:11:01Z,20,0.448287158,50
22,2018-10-24T11:11:01Z,20,0.35372366,50
23,2018-10-24T11:11:01Z,20,0.320296841,50
24,2018-10-24T11:11:01Z,20,0.116779336,50
25,2018-10-24T11:11:01Z,20,0.47785637,50
26,2018-10-24T11:11:01Z,20,0.282421489,50
27,2018-10-24T11:11:01Z,20,0.210052493,50
28,2018-10-24T11:11:01Z,20,0.293165432,50
29,2018-10-24T11:11:01Z,20,-0.021136202,50
30,2018-10-24T11:11:01Z,20,0.386814446,50
31,2018-10-24T11:11:01Z,20,0.387478748,50
32,2018-10-24T11:11:01Z,20,0.419200481,50
33,2018-10-24T11:11:01Z,20,0.567114879,50
34,2018-10-24T11:11:01Z,20,0.275264524,50
35,2018-10-24T11:11:01Z,20,0.504777726,50
36,2018-10-24T11:11:01Z,20,0.175516372,50
37,2018-10-24T11:11:01Z,20,0.346079746,50
38,2018-10-24T11:11:01Z,20,0.214724937,50
39,2018-10-24T11:11:01Z,20,0.188704646,50
40,2018-10-24T11:11:01Z,20,0.172557805,50
41,2018-10-24T11:11:01Z,20,0.407141949,50
42,2018-10-24T11:11:01Z,20,0.382195896,50
43,2018-10-24T11:11:01Z,20,0.295962915,50
44,2018-10-24T11:11:01Z,20,0.375828438,50
45,2018-10-24T11:11:01Z,20,0.037286342,50
46,2018-10-24T11:11:01Z,20,-0.032707861,50
47,2018-10-24T11:11:01Z,20,0.347026123,50
48,2018-10-24T11:11:01Z,20,0.434078405,50
49,2018-10-24T11:11:01Z,20,0.007923399,50
50,2018-10-24T11:11:01Z,20,0.201600173,50
51,2018-10-24T11:11:01Z,20,0.370531845,50
52,2018-10-24T11:11:01Z,20,0.344022935,50
53,2018-10-24T11:11:01Z,20,0.430576141,50
54,2018-10-24T11:11:01Z,20,0.565548811,50
55,2018-10-24T11:11:01Z,20,0.494044073,50
56,2018-10-24T11:11:01Z,20,0.171900993,50
57,2018-10-24T11:11:01Z,20,0.015205359,50
58,2018-10-24T11:11:01Z,20,0.670907787,50
59,2018-10-24T11:11:01Z,20,-0.116354502,50
60,2018-10-24T11:11:01Z,20,0.034862523,50
61,2018-10-24T11:11:01Z,20,0.457684197,50
62,2018-10-24T11:11:01Z,20,0.394675799,50
63,2018-10-24T11:11:01Z,20,0.288137204,50
64,2018-10-24T11:11:01Z,20,0.27885181,50
65,2018-10-24T11:11:01Z,20,0.145250869,50
66,2018-10-24T11:11:01Z,20,0.483262347,50
67,2018-10-24T11:11:01Z,20,0.166531228,50
68,2018-10-24T11:11:01Z,20,0.149242807,50
69,2018-10-24T11:11:01Z,20,0.414267758,50
70,2018-10-24T11:11:01Z,20,0.122277718,50
71,2018-10-24T11:11:01Z,20,0.412633936,50
72,2018-10-24T11:11:01Z,20,0.479609575,50
73,2018-10-24T11:11:01Z,20,0.025486227,50
74,2018-10-24T11:11:01Z,20,-0.003171215,50
75,2018-10-24T11:11:01Z,20,0.12440512,50
76,2018-10-24T11:11:01Z,20,0.607303945,50
77,2018-10-24T11:11:01Z,20,-0.140979982,50
78,2018-10-24T11:11:01Z,20,0.224779105,50
79,2018-10-24T11:11:01Z,20,0.12859303,50
80,2018-10-24T11:11:01Z,20,0.208314815,50
81,2018-10-24T11:11:01Z,20,0.269053801,50
82,2018-10-24T11:11:01Z,20,0.5759044,50
83,2018-10-24T11:11:01Z,20,0.328813157,50
84,2018-10-24T11:11:01Z,20,0.016985964,50
85,2018-10-24T11:11:01Z,20,0.052016726,50
86,2018-10-24T11:11:01Z,20,-0.31529544,50
87,2018-10-24T11:11:01Z,20,0.387377427,50
88,2018-10-24T11:11:01Z,20,0.401965096,50
89,2018-10-24T11:11:01Z,20,0.09156911,50
90,2018-10-24T11:11:01Z,20,-0.029950712,50
91,2018-10-24T11:11:01Z,20,0.31889958,50
92,2018-10-24T11:11:01Z,20,0.27404274,50
93,2018-10-24T11:11:01Z,20,0.318568432,50
94,2018-10-24T11:11:01Z,20,0.309154286,50
95,2018-10-24T11:11:01Z,20,0.580792487,50
96,2018-10-24T11:11:01Z,20,0.190092928,50
97,2018-10-24T11:11:01Z,20,0.373721928,50
98,2018-10-24T11:11:01Z,20,0.454332456,50
99,2018-10-24T11:11:01Z,20,0.454086157,50
100,2018-10-24T11:11:01Z,20,0.372467204,50
1,2018-10-24T11:11:01Z,15,0.308924893,50
2,2018-10-24T11:11:01Z,15,0.48934886,50
3,2018-10-24T11:11:01Z,15,0.542914275,50
4,2018-10-24T11:11:01Z,15,0.201154502,50
5,2018-10-24T11:11:01Z,15,0.042348167,50
6,2018-10-24T11:11:01Z,15,0.288136477,50
7,2018-10-24T11:11:01Z,15,0.22667059,50
8,2018-10-24T11:11:01Z,15,0.525015852,50
9,2018-10-24T11:11:01Z,15,0.43347303,50
10,2018-10-24T11:11:01Z,15,0.391377858,50
11,2018-10-24T11:11:01Z,15,0.225255159,50
12,2018-10-24T11:11:01Z,15,-0.078041627,50
13,2018-10-24T11:11:01Z,15,0.087935164,50
14,2018-10-24T11:11:01Z,15,-0.036868788,50
15,2018-10-24T11:11:01Z,15,0.216228525,50
16,2018-10-24T11:11:01Z,15,-0.02050163,50
17,2018-10-24T11:11:01Z,15,0.263450972,50
18,2018-10-24T11:11:01Z,15,0.320581714,50
19,2018-10-24T11:11:01Z,15,0.386135444,50
20,2018-10-24T11:11:01Z,15,0.289912019,50
21,2018-10-24T11:11:01Z,15,0.339769739,50
22,2018-10-24T11:11:01Z,15,0.358889891,50
23,2018-10-24T11:11:01Z,15,0.179629304,50
24,2018-10-24T11:11:01Z,15,0.128840049,50
25,2018-10-24T11:11:01Z,15,0.274273172,50
26,2018-10-24T11:11:01Z,15,0.148662947,50
27,2018-10-24T11:11:01Z,15,0.200075097,50
28,2018-10-24T11:11:01Z,15,-9.31e-4,50
29,2018-10-24T11:11:01Z,15,0.177400657,50
30,2018-10-24T11:11:01Z,15,0.536227451,50
31,2018-10-24T11:11:01Z,15,0.429664234,50
32,2018-10-24T11:11:01Z,15,-0.026554786,50
33,2018-10-24T11:11:01Z,15,0.067856557,50
34,2018-10-24T11:11:01Z,15,0.423031695,50
35,2018-10-24T11:11:01Z,15,0.142603935,50
36,2018-10-24T11:11:01Z,15,0.161876276,50
37,2018-10-24T11:11:01Z,15,0.181349147,50
38,2018-10-24T11:11:01Z,15,0.054948355,50
39,2018-10-24T11:11:01Z,15,0.129614382,50
40,2018-10-24T11:11:01Z,15,0.147828423,50
41,2018-10-24T11:11:01Z,15,-0.02814163,50
42,2018-10-24T11:11:01Z,15,0.439849071,50
43,2018-10-24T11:11:01Z,15,0.321214114,50
44,2018-10-24T11:11:01Z,15,0.321636338,50
45,2018-10-24T11:11:01Z,15,0.338671929,50
46,2018-10-24T11:11:01Z,15,0.076283136,50
47,2018-10-24T11:11:01Z,15,0.191589559,50
48,2018-10-24T11:11:01Z,15,0.204526868,50
49,2018-10-24T11:11:01Z,15,0.210719133,50
50,2018-10-24T11:11:01Z,15,0.070746978,50
51,2018-10-24T11:11:01Z,15,0.509975042,50
52,2018-10-24T11:11:01Z,15,0.382542192,50
53,2018-10-24T11:11:01Z,15,0.428715956,50
54,2018-10-24T11:11:01Z,15,0.462599848,50
55,2018-10-24T11:11:01Z,15,0.53636525,50
56,2018-10-24T11:11:01Z,15,0.323231425,50
57,2018-10-24T11:11:01Z,15,0.204937268,50
58,2018-10-24T11:11:01Z,15,0.435137768,50
59,2018-10-24T11:11:01Z,15,0.413017396,50
60,2018-10-24T11:11:01Z,15,0.273081385,50
61,2018-10-24T11:11:01Z,15,0.448770785,50
62,2018-10-24T11:11:01Z,15,0.120028972,50
63,2018-10-24T11:11:01Z,15,0.12598322,50
64,2018-10-24T11:11:01Z,15,0.258914081,50
65,2018-10-24T11:11:01Z,15,-0.005026986,50
66,2018-10-24T11:11:01Z,15,0.426594373,50
67,2018-10-24T11:11:01Z,15,0.082286885,50
68,2018-10-24T11:11:01Z,15,0.429997797,50
69,2018-10-24T11:11:01Z,15,0.408368621,50
70,2018-10-24T11:11:01Z,15,0.561277939,50
71,2018-10-24T11:11:01Z,15,0.340732416,50
72,2018-10-24T11:11:01Z,15,0.063715583,50
73,2018-10-24T11:11:01Z,15,0.321029244,50
74,2018-10-24T11:11:01Z,15,-0.02271885,50
75,2018-10-24T11:11:01Z,15,0.202004939,50
76,2018-10-24T11:11:01Z,15,-0.127312172,50
77,2018-10-24T11:11:01Z,15,0.074719783,50
78,2018-10-24T11:11:01Z,15,0.068397766,50
79,2018-10-24T11:11:01Z,15,0.46650912,50
80,2018-10-24T11:11:01Z,15,0.412219336,50
81,2018-10-24T11:11:01Z,15,0.301926249,50
82,2018-10-24T11:11:01Z,15,0.188883842,50
83,2018-10-24T11:11:01Z,15,0.513727974,50
84,2018-10-24T11:11:01Z,15,0.072579814,50
85,2018-10-24T11:11:01Z,15,0.420571562,50
86,2018-10-24T11:11:01Z,15,0.59986647,50
87,2018-10-24T11:11:01Z,15,-0.079213364,50
88,2018-10-24T11:11:01Z,15,-0.058406628,50
89,2018-10-24T11:11:01Z,15,0.159493317,50
90,2018-10-24T11:11:01Z,15,0.326382825,50
91,2018-10-24T11:11:01Z,15,0.384915926,50
92,2018-10-24T11:11:01Z,15,0.318026417,50
93,2018-10-24T11:11:01Z,15,0.137403026,50
94,2018-10-24T11:11:01Z,15,0.491803924,50
95,2018-10-24T11:11:01Z,15,0.31051304,50
96,2018-10-24T11:11:01Z,15,0.424852183,50
97,2018-10-24T11:11:01Z,15,0.314207767,50
98,2018-10-24T11:11:01Z,15,0.14761966,50
99,2018-10-24T11:11:01Z,15,0.481599696,50
100,2018-10-24T11:11:01Z,15,0.114238775,50
1,2018-10-24T11:11:01Z,10,0.281567357,50
2,2018-10-24T11:11:01Z,10,0.209760753,50
3,2018-10-24T11:11:01Z,10,0.322273416,50
4,2018-10-24T11:11:01Z,10,0.148892391,50
5,2018-10-24T11:11:01Z,10,0.249608454,50
6,2018-10-24T11:11:01Z,10,0.07423141,50
7,2018-10-24T11:11:01Z,10,0.212224441,50
8,2018-10-24T11:11:01Z,10,-0.156983701,50
9,2018-10-24T11:11:01Z,10,-0.295631117,50
10,2018-10-24T11:11:01Z,10,0.306604365,50
11,2018-10-24T11:11:01Z,10,-0.036027939,50
12,2018-10-24T11:11:01Z,10,0.082489858,50
13,2018-10-24T11:11:01Z,10,0.421267614,50
14,2018-10-24T11:11:01Z,10,-0.140666534,50
15,2018-10-24T11:11:01Z,10,0.334868091,50
16,2018-10-24T11:11:01Z,10,0.3117402,50
17,2018-10-24T11:11:01Z,10,0.216485442,50
18,2018-10-24T11:11:01Z,10,0.001102084,50
19,2018-10-24T11:11:01Z,10,-0.298750034,50
20,2018-10-24T11:11:01Z,10,0.233391242,50
21,2018-10-24T11:11:01Z,10,0.122136666,50
22,2018-10-24T11:11:01Z,10,0.082559548,50
23,2018-10-24T11:11:01Z,10,-0.108169825,50
24,2018-10-24T11:11:01Z,10,0.131849746,50
25,2018-10-24T11:11:01Z,10,-0.170993238,50
26,2018-10-24T11:11:01Z,10,0.100701126,50
27,2018-10-24T11:11:01Z,10,0.2327754,50
28,2018-10-24T11:11:01Z,10,0.467677844,50
29,2018-10-24T11:11:01Z,10,0.367253606,50
30,2018-10-24T11:11:01Z,10,0.360298298,50
31,2018-10-24T11:11:01Z,10,0.372000153,50
32,2018-10-24T11:11:01Z,10,0.416873236,50
33,2018-10-24T11:11:01Z,10,0.391691657,50
34,2018-10-24T11:11:01Z,10,0.390625151,50
35,2018-10-24T11:11:01Z,10,0.014207943,50
36,2018-10-24T11:11:01Z,10,0.111548295,50
37,2018-10-24T11:11:01Z,10,0.121195987,50
38,2018-10-24T11:11:01Z,10,0.586860013,50
39,2018-10-24T11:11:01Z,10,0.488468477,50
40,2018-10-24T11:11:01Z,10,0.070019515,50
41,2018-10-24T11:11:01Z,10,0.342993271,50
42,2018-10-24T11:11:01Z,10,0.387897232,50
43,2018-10-24T11:11:01Z,10,0.018106762,50
44,2018-10-24T11:11:01Z,10,0.34952054,50
45,2018-10-24T11:11:01Z,10,0.368084458,50
46,2018-10-24T11:11:01Z,10,0.013487125,50
47,2018-10-24T11:11:01Z,10,0.325177339,50
48,2018-10-24T11:11:01Z,10,0.073687689,50
49,2018-10-24T11:11:01Z,10,0.320762133,50
50,2018-10-24T11:11:01Z,10,0.050704469,50
51,2018-10-24T11:11:01Z,10,-0.046520094,50
52,2018-10-24T11:11:01Z,10,0.326212487,50
53,2018-10-24T11:11:01Z,10,0.223493903,50
54,2018-10-24T11:11:01Z,10,0.253984105,50
55,2018-10-24T11:11:01Z,10,0.21965835,50
56,2018-10-24T11:11:01Z,10,0.033928297,50
57,2018-10-24T11:11:01Z,10,-0.135369508,50
58,2018-10-24T11:11:01Z,10,0.319868006,50
59,2018-10-24T11:11:01Z,10,0.137641095,50
60,2018-10-24T11:11:01Z,10,0.23441807,50
61,2018-10-24T11:11:01Z,10,0.164813045,50
62,2018-10-24T11:11:01Z,10,0.314978265,50
63,2018-10-24T11:11:01Z,10,0.401930358,50
64,2018-10-24T11:11:01Z,10,0.096102561,50
65,2018-10-24T11:11:01Z,10,0.114448482,50
66,2018-10-24T11:11:01Z,10,0.157456532,50
67,2018-10-24T11:11:01Z,10,0.361266008,50
68,2018-10-24T11:11:01Z,10,0.195885323,50
69,2018-10-24T11:11:01Z,10,0.235715574,50
70,2018-10-24T11:11:01Z,10,0.195654708,50
71,2018-10-24T11:11:01Z,10,0.145436828,50
72,2018-10-24T11:11:01Z,10,0.453125002,50
73,2018-10-24T11:11:01Z,10,0.13120708,50
74,2018-10-24T11:11:01Z,10,0.246411865,50
75,2018-10-24T11:11:01Z,10,0.123798817,50
76,2018-10-24T11:11:01Z,10,0.290495341,50
77,2018-10-24T11:11:01Z,10,0.308252289,50
78,2018-10-24T11:11:01Z,10,0.36101885,50
79,2018-10-24T11:11:01Z,10,0.238746647,50
80,2018-10-24T11:11:01Z,10,0.089625969,50
81,2018-10-24T11:11:01Z,10,0.346111185,50
82,2018-10-24T11:11:01Z,10,0.396743016,50
83,2018-10-24T11:11:01Z,10,0.466034114,50
84,2018-10-24T11:11:01Z,10,0.418766241,50
85,2018-10-24T11:11:01Z,10,0.513901015,50
86,2018-10-24T11:11:01Z,10,0.481439826,50
87,2018-10-24T11:11:01Z,10,0.137799899,50
88,2018-10-24T11:11:01Z,10,-0.061995291,50
89,2018-10-24T11:11:01Z,10,-0.062672735,50
90,2018-10-24T11:11:01Z,10,0.308313553,50
91,2018-10-24T11:11:01Z,10,0.229296479,50
92,2018-10-24T11:11:01Z,10,-0.041676661,50
93,2018-10-24T11:11:01Z,10,0.39509376,50
94,2018-10-24T11:11:01Z,10,-0.011908194,50
95,2018-10-24T11:11:01Z,10,0.074990083,50
96,2018-10-24T11:11:01Z,10,0.316529754,50
97,2018-10-24T11:11:01Z,10,0.046812576,50
98,2018-10-24T11:11:01Z,10,0.002348831,50
99,2018-10-24T11:11:01Z,10,0.37993704,50
100,2018-10-24T11:11:01Z,10,0.071856604,50
1,2018-10-24T14:09:06Z,75,0.5244817462240269,50
2,2018-10-24T14:09:06Z,75,0.46902551053756597,50
3,2018-10-24T14:09:06Z,75,0.637568494443423,50
4,2018-10-24T14:09:06Z,75,0.4470770578898212,50
5,2018-10-24T14:09:06Z,75,0.0025349373386210983,50
6,2018-10-24T14:09:06Z,75,0.6986714051814503,50
7,2018-10-24T14:09:06Z,75,0.7537893475610635,50
8,2018-10-24T14:09:06Z,75,0.7466164540349813,50
9,2018-10-24T14:09:06Z,75,0.7306809248526945,50
10,2018-10-24T14:09:06Z,75,0.704682918192971,50
11,2018-10-24T14:09:06Z,75,0.48651105198488165,50
12,2018-10-24T14:09:06Z,75,0.7122403170662748,50
13,2018-10-24T14:09:06Z,75,0.6614709711630585,50
14,2018-10-24T14:09:06Z,75,0.548503522909259,50
15,2018-10-24T14:09:06Z,75,0.6415562099073138,50
16,2018-10-24T14:09:06Z,75,0.6711277504214016,50
17,2018-10-24T14:09:06Z,75,0.14517481100300259,50
18,2018-10-24T14:09:06Z,75,0.5978612074416402,50
19,2018-10-24T14:09:06Z,75,0.6940399063057979,50
20,2018-10-24T14:09:06Z,75,0.7025266151944678,50
21,2018-10-24T14:09:06Z,75,0.696345569206063,50
22,2018-10-24T14:09:06Z,75,0.5256680515442588,50
23,2018-10-24T14:09:06Z,75,0.56673377679709,50
24,2018-10-24T14:09:06Z,75,0.12278712506985055,50
25,2018-10-24T14:09:06Z,75,0.6852607623089689,50
26,2018-10-24T14:09:06Z,75,0.7080284329645219,50
27,2018-10-24T14:09:06Z,75,0.5857024629818066,50
28,2018-10-24T14:09:06Z,75,0.7481091522221922,50
29,2018-10-24T14:09:06Z,75,0.5239405068800723,50
30,2018-10-24T14:09:06Z,75,0.663544104979048,50
31,2018-10-24T14:09:06Z,75,0.6370824949073413,50
32,2018-10-24T14:09:06Z,75,0.7590689916694316,50
33,2018-10-24T14:09:06Z,75,0.6507592211190629,50
34,2018-10-24T14:09:06Z,75,0.5802068541984388,50
35,2018-10-24T14:09:06Z,75,0.21637195102083068,50
36,2018-10-24T14:09:06Z,75,0.30696109367938357,50
37,2018-10-24T14:09:06Z,75,0.2541842447579367,50
38,2018-10-24T14:09:06Z,75,0.570520973225246,50
39,2018-10-24T14:09:06Z,75,0.7212113905234425,50
40,2018-10-24T14:09:06Z,75,0.5676037041138078,50
41,2018-10-24T14:09:06Z,75,0.666259520311703,50
42,2018-10-24T14:09:06Z,75,0.7218042912379713,50
43,2018-10-24T14:09:06Z,75,0.453583666310746,50
44,2018-10-24T14:09:06Z,75,0.6861926532259157,50
45,2018-10-24T14:09:06Z,75,0.6518250573881051,50
46,2018-10-24T14:09:06Z,75,0.7258077627334993,50
47,2018-10-24T14:09:06Z,75,0.5940986998338346,50
48,2018-10-24T14:09:06Z,75,0.5633596809551711,50
49,2018-10-24T14:09:06Z,75,0.16279951583083038,50
50,2018-10-24T14:09:06Z,75,0.7543029108010053,50
51,2018-10-24T14:09:06Z,75,0.6469655484743301,50
52,2018-10-24T14:09:06Z,75,0.569824418353055,50
53,2018-10-24T14:09:06Z,75,0.5287812214992618,50
54,2018-10-24T14:09:06Z,75,0.7572377088775835,50
55,2018-10-24T14:09:06Z,75,0.6594703537226726,50
56,2018-10-24T14:09:06Z,75,0.5841737659773746,50
57,2018-10-24T14:09:06Z,75,0.6856660202525431,50
58,2018-10-24T14:09:06Z,75,0.6289510848818158,50
59,2018-10-24T14:09:06Z,75,0.5696734370215721,50
60,2018-10-24T14:09:06Z,75,0.7322649069968776,50
61,2018-10-24T14:09:06Z,75,0.5293624619524658,50
62,2018-10-24T14:09:06Z,75,0.5458357414819596,50
63,2018-10-24T14:09:06Z,75,0.7039543109398458,50
64,2018-10-24T14:09:06Z,75,0.7113809659927391,50
65,2018-10-24T14:09:06Z,75,0.4447093173235269,50
66,2018-10-24T14:09:06Z,75,0.4635243252183658,50
67,2018-10-24T14:09:06Z,75,0.5981922528934663,50
68,2018-10-24T14:09:06Z,75,0.6019471541173016,50
69,2018-10-24T14:09:06Z,75,0.5069909390754622,50
70,2018-10-24T14:09:06Z,75,0.35076179901852794,50
71,2018-10-24T14:09:06Z,75,0.6377370910466971,50
72,2018-10-24T14:09:06Z,75,0.33215845671129074,50
73,2018-10-24T14:09:06Z,75,0.5905335632022157,50
74,2018-10-24T14:09:06Z,75,0.46190834786249113,50
75,2018-10-24T14:09:06Z,75,0.6702861506100556,50
76,2018-10-24T14:09:06Z,75,0.5971925429372098,50
77,2018-10-24T14:09:06Z,75,0.3374304302932766,50
78,2018-10-24T14:09:06Z,75,0.6122262960516729,50
79,2018-10-24T14:09:06Z,75,0.6556910554151009,50
80,2018-10-24T14:09:06Z,75,0.5747426749533109,50
81,2018-10-24T14:09:06Z,75,0.685238013854066,50
82,2018-10-24T14:09:06Z,75,0.6397418812089714,50
83,2018-10-24T14:09:06Z,75,0.6494228160162651,50
84,2018-10-24T14:09:06Z,75,0.3816081906207515,50
85,2018-10-24T14:09:06Z,75,0.5234544829663522,50
86,2018-10-24T14:09:06Z,75,0.6767794190176695,50
87,2018-10-24T14:09:06Z,75,0.70131050513301,50
88,2018-10-24T14:09:06Z,75,0.6966873513356967,50
89,2018-10-24T14:09:06Z,75,0.8378247570442462,50
90,2018-10-24T14:09:06Z,75,0.6921130902498565,50
91,2018-10-24T14:09:06Z,75,0.30813327972493537,50
92,2018-10-24T14:09:06Z,75,0.23381575259268317,50
93,2018-10-24T14:09:06Z,75,0.6696997555906357,50
94,2018-10-24T14:09:06Z,75,0.7562690228859063,50
95,2018-10-24T14:09:06Z,75,0.5594638008911814,50
96,2018-10-24T14:09:06Z,75,0.7133698288750363,50
97,2018-10-24T14:09:06Z,75,0.4063321474561201,50
98,2018-10-24T14:09:06Z,75,0.624496775023452,50
99,2018-10-24T14:09:06Z,75,0.23510599034380159,50
100,2018-10-24T14:09:06Z,75,0.6796553700635933,50
1,2018-10-24T14:09:06Z,70,0.31895605240659464,50
2,2018-10-24T14:09:06Z,70,0.7002767553411019,50
3,2018-10-24T14:09:06Z,70,0.5817909993006354,50
4,2018-10-24T14:09:06Z,70,0.5462838962993299,50
5,2018-10-24T14:09:06Z,70,0.6642581881657017,50
6,2018-10-24T14:09:06Z,70,0.40900620603153665,50
7,2018-10-24T14:09:06Z,70,0.7222003273969477,50
8,2018-10-24T14:09:06Z,70,0.04492021204532599,50
9,2018-10-24T14:09:06Z,70,0.7717247352912748,50
10,2018-10-24T14:09:06Z,70,0.6127649638033804,50
11,2018-10-24T14:09:06Z,70,0.4969444454540934,50
12,2018-10-24T14:09:06Z,70,0.6349308616064163,50
13,2018-10-24T14:09:06Z,70,0.6315175300558228,50
14,2018-10-24T14:09:06Z,70,0.6835139461686365,50
15,2018-10-24T14:09:06Z,70,0.6863714579713782,50
16,2018-10-24T14:09:06Z,70,0.653204378498666,50
17,2018-10-24T14:09:06Z,70,0.7517452878031111,50
18,2018-10-24T14:09:06Z,70,0.6731090760227425,50
19,2018-10-24T14:09:06Z,70,0.6160118665790877,50
20,2018-10-24T14:09:06Z,70,0.5417577102308225,50
21,2018-10-24T14:09:06Z,70,0.5160611142476114,50
22,2018-10-24T14:09:06Z,70,0.6128625735853481,50
23,2018-10-24T14:09:06Z,70,0.5046661211870057,50
24,2018-10-24T14:09:06Z,70,0.6221095546659795,50
25,2018-10-24T14:09:06Z,70,0.7324744323509751,50
26,2018-10-24T14:09:06Z,70,0.22446674635937156,50
27,2018-10-24T14:09:06Z,70,0.6464636606365968,50
28,2018-10-24T14:09:06Z,70,0.5399348904089111,50
29,2018-10-24T14:09:06Z,70,0.668745405191055,50
30,2018-10-24T14:09:06Z,70,0.723758423531688,50
31,2018-10-24T14:09:06Z,70,0.6838492553448758,50
32,2018-10-24T14:09:06Z,70,0.6612495605067085,50
33,2018-10-24T14:09:06Z,70,0.6592955197201712,50
34,2018-10-24T14:09:06Z,70,0.5901227951109498,50
35,2018-10-24T14:09:06Z,70,0.6033069523705186,50
36,2018-10-24T14:09:06Z,70,0.5986723304847409,50
37,2018-10-24T14:09:06Z,70,0.6103491205812718,50
38,2018-10-24T14:09:06Z,70,0.5484575907594458,50
39,2018-10-24T14:09:06Z,70,0.3218278518519985,50
40,2018-10-24T14:09:06Z,70,0.7416886835140666,50
41,2018-10-24T14:09:06Z,70,0.7853509740608777,50
42,2018-10-24T14:09:06Z,70,0.6937974816794683,50
43,2018-10-24T14:09:06Z,70,0.6711602261100733,50
44,2018-10-24T14:09:06Z,70,0.5967720550544046,50
45,2018-10-24T14:09:06Z,70,0.6541117182313306,50
46,2018-10-24T14:09:06Z,70,0.609836730965659,50
47,2018-10-24T14:09:06Z,70,0.6117314241744015,50
48,2018-10-24T14:09:06Z,70,0.38162976405656557,50
49,2018-10-24T14:09:06Z,70,0.5556735948973273,50
50,2018-10-24T14:09:06Z,70,0.7399407473834444,50
51,2018-10-24T14:09:06Z,70,0.5533198711586814,50
52,2018-10-24T14:09:06Z,70,0.5009654116366656,50
53,2018-10-24T14:09:06Z,70,0.6071183232476732,50
54,2018-10-24T14:09:06Z,70,0.5708082590074087,50
55,2018-10-24T14:09:06Z,70,0.7491634870969102,50
56,2018-10-24T14:09:06Z,70,0.6937702257926467,50
57,2018-10-24T14:09:06Z,70,0.5326197456610727,50
58,2018-10-24T14:09:06Z,70,0.2762258133700267,50
59,2018-10-24T14:09:06Z,70,0.6940070997331447,50
60,2018-10-24T14:09:06Z,70,0.6185175505087617,50
61,2018-10-24T14:09:06Z,70,0.6776875655039176,50
62,2018-10-24T14:09:06Z,70,0.7580326758294563,50
63,2018-10-24T14:09:06Z,70,0.326555318402531,50
64,2018-10-24T14:09:06Z,70,0.5927121681086216,50
65,2018-10-24T14:09:06Z,70,0.7604713069584714,50
66,2018-10-24T14:09:06Z,70,0.6246018247827839,50
67,2018-10-24T14:09:06Z,70,0.3216991804894989,50
68,2018-10-24T14:09:06Z,70,0.5088343638347804,50
69,2018-10-24T14:09:06Z,70,0.07385724659769086,50
70,2018-10-24T14:09:06Z,70,0.5497965442540598,50
71,2018-10-24T14:09:06Z,70,0.5838269180440867,50
72,2018-10-24T14:09:06Z,70,0.5998210078084845,50
73,2018-10-24T14:09:06Z,70,0.42955858949265135,50
74,2018-10-24T14:09:06Z,70,0.5293646901345185,50
75,2018-10-24T14:09:06Z,70,0.10067268937823891,50
76,2018-10-24T14:09:06Z,70,0.6918173231169182,50
77,2018-10-24T14:09:06Z,70,0.6927783392379917,50
78,2018-10-24T14:09:06Z,70,0.5742491404999543,50
79,2018-10-24T14:09:06Z,70,0.4355335467679051,50
80,2018-10-24T14:09:06Z,70,0.5790124152572792,50
81,2018-10-24T14:09:06Z,70,0.7280095055819591,50
82,2018-10-24T14:09:06Z,70,0.6519133575217995,50
83,2018-10-24T14:09:06Z,70,0.42398503178268815,50
84,2018-10-24T14:09:06Z,70,0.6552587520704347,50
85,2018-10-24T14:09:06Z,70,0.5991520486507642,50
86,2018-10-24T14:09:06Z,70,0.6561582040906051,50
87,2018-10-24T14:09:06Z,70,0.7456158088737469,50
88,2018-10-24T14:09:06Z,70,0.5467604126187753,50
89,2018-10-24T14:09:06Z,70,0.65783852087186,50
90,2018-10-24T14:09:06Z,70,0.6869984852801823,50
91,2018-10-24T14:09:06Z,70,0.6291040813225459,50
92,2018-10-24T14:09:06Z,70,0.1560615164265014,50
93,2018-10-24T14:09:06Z,70,0.1979584558988171,50
94,2018-10-24T14:09:06Z,70,0.7195935720153007,50
95,2018-10-24T14:09:06Z,70,0.6427654844831611,50
96,2018-10-24T14:09:06Z,70,0.7469617751806388,50
97,2018-10-24T14:09:06Z,70,0.5327739971363231,50
98,2018-10-24T14:09:06Z,70,0.591536045627885,50
99,2018-10-24T14:09:06Z,70,0.5938611645768629,50
100,2018-10-24T14:09:06Z,70,0.6281437404935432,50
1,2018-10-24T14:09:06Z,65,0.6770668941281913,50
2,2018-10-24T14:09:06Z,65,0.6360785635654728,50
3,2018-10-24T14:09:06Z,65,0.53810092865865,50
4,2018-10-24T14:09:06Z,65,0.6564574959004255,50
5,2018-10-24T14:09:06Z,65,0.6783864464459037,50
6,2018-10-24T14:09:06Z,65,0.6307112516749773,50
7,2018-10-24T14:09:06Z,65,0.8126230906077051,50
8,2018-10-24T14:09:06Z,65,0.4456671111280848,50
9,2018-10-24T14:09:06Z,65,0.710941303895755,50
10,2018-10-24T14:09:06Z,65,0.6161619497083081,50
11,2018-10-24T14:09:06Z,65,0.44521258646466716,50
12,2018-10-24T14:09:06Z,65,0.5536399108214394,50
13,2018-10-24T14:09:06Z,65,0.7132832089579635,50
14,2018-10-24T14:09:06Z,65,0.7866627307644627,50
15,2018-10-24T14:09:06Z,65,0.5013141655831727,50
16,2018-10-24T14:09:06Z,65,0.7507778641423462,50
17,2018-10-24T14:09:06Z,65,0.532485253588296,50
18,2018-10-24T14:09:06Z,65,0.5679147210324996,50
19,2018-10-24T14:09:06Z,65,0.6744718077432851,50
20,2018-10-24T14:09:06Z,65,0.5559640764361405,50
21,2018-10-24T14:09:06Z,65,0.6464577738366071,50
22,2018-10-24T14:09:06Z,65,0.6307057546894002,50
23,2018-10-24T14:09:06Z,65,0.02885509197234842,50
24,2018-10-24T14:09:06Z,65,0.12398657426354437,50
25,2018-10-24T14:09:06Z,65,0.6813134264998076,50
26,2018-10-24T14:09:06Z,65,0.5084909824218444,50
27,2018-10-24T14:09:06Z,65,0.5156392323910973,50
28,2018-10-24T14:09:06Z,65,0.5390908894734437,50
29,2018-10-24T14:09:06Z,65,0.6680881571720589,50
30,2018-10-24T14:09:06Z,65,0.6851517314970411,50
31,2018-10-24T14:09:06Z,65,0.5656017507572428,50
32,2018-10-24T14:09:06Z,65,0.6186611182995995,50
33,2018-10-24T14:09:06Z,65,0.6928559056993621,50
34,2018-10-24T14:09:06Z,65,0.4040688353741283,50
35,2018-10-24T14:09:06Z,65,0.7105940141338606,50
36,2018-10-24T14:09:06Z,65,0.7437934591675056,50
37,2018-10-24T14:09:06Z,65,0.5786180096609943,50
38,2018-10-24T14:09:06Z,65,0.5090605852514345,50
39,2018-10-24T14:09:06Z,65,0.7697838474193499,50
40,2018-10-24T14:09:06Z,65,0.42883921406689685,50
41,2018-10-24T14:09:06Z,65,0.09734239010242825,50
42,2018-10-24T14:09:06Z,65,0.6684704597043528,50
43,2018-10-24T14:09:06Z,65,0.22567051249345357,50
44,2018-10-24T14:09:06Z,65,0.20928588587607702,50
45,2018-10-24T14:09:06Z,65,0.5808781882204883,50
46,2018-10-24T14:09:06Z,65,0.8060961839361724,50
47,2018-10-24T14:09:06Z,65,0.6884820895107775,50
48,2018-10-24T14:09:06Z,65,0.536324697411374,50
49,2018-10-24T14:09:06Z,65,0.29055825267144014,50
50,2018-10-24T14:09:06Z,65,0.40396418148432023,50
51,2018-10-24T14:09:06Z,65,0.5768073116947634,50
52,2018-10-24T14:09:06Z,65,0.4316138417981628,50
53,2018-10-24T14:09:06Z,65,0.648962617267455,50
54,2018-10-24T14:09:06Z,65,0.5616692359372132,50
55,2018-10-24T14:09:06Z,65,0.6429236141201702,50
56,2018-10-24T14:09:06Z,65,0.578612390640518,50
57,2018-10-24T14:09:06Z,65,0.6433351657696049,50
58,2018-10-24T14:09:06Z,65,0.5898331106600015,50
59,2018-10-24T14:09:06Z,65,0.6116154534975734,50
60,2018-10-24T14:09:06Z,65,0.6526331903288983,50
61,2018-10-24T14:09:06Z,65,0.5429205563003255,50
62,2018-10-24T14:09:06Z,65,0.6280355035144692,50
63,2018-10-24T14:09:06Z,65,0.7141855526286617,50
64,2018-10-24T14:09:06Z,65,-0.03264303795146575,50
65,2018-10-24T14:09:06Z,65,0.6392840402046208,50
66,2018-10-24T14:09:06Z,65,0.588482361778501,50
67,2018-10-24T14:09:06Z,65,0.6608272902745461,50
68,2018-10-24T14:09:06Z,65,0.4316630167371339,50
69,2018-10-24T14:09:06Z,65,0.6155665470333234,50
70,2018-10-24T14:09:06Z,65,0.7115030734494319,50
71,2018-10-24T14:09:06Z,65,0.46697536445617016,50
72,2018-10-24T14:09:06Z,65,0.392645061745406,50
73,2018-10-24T14:09:06Z,65,0.4884583012607528,50
74,2018-10-24T14:09:06Z,65,0.3394592447809468,50
75,2018-10-24T14:09:06Z,65,0.4994031340273432,50
76,2018-10-24T14:09:06Z,65,0.5820951590259483,50
77,2018-10-24T14:09:06Z,65,0.7578620390898121,50
78,2018-10-24T14:09:06Z,65,-0.10310785318926964,50
79,2018-10-24T14:09:06Z,65,0.5952742432454244,50
80,2018-10-24T14:09:06Z,65,0.34535927155654783,50
81,2018-10-24T14:09:06Z,65,0.5821891550770338,50
82,2018-10-24T14:09:06Z,65,0.7291687595062882,50
83,2018-10-24T14:09:06Z,65,0.4181869735204084,50
84,2018-10-24T14:09:06Z,65,0.6796228584669303,50
85,2018-10-24T14:09:06Z,65,0.5641115571406226,50
86,2018-10-24T14:09:06Z,65,0.2570074704748531,50
87,2018-10-24T14:09:06Z,65,0.6222440271491414,50
88,2018-10-24T14:09:06Z,65,0.6202754877288916,50
89,2018-10-24T14:09:06Z,65,0.695579958671821,50
90,2018-10-24T14:09:06Z,65,0.6103560120325239,50
91,2018-10-24T14:09:06Z,65,0.6435441508145411,50
92,2018-10-24T14:09:06Z,65,0.4790857837572872,50
93,2018-10-24T14:09:06Z,65,0.42299296954130244,50
94,2018-10-24T14:09:06Z,65,0.7357139465472554,50
95,2018-10-24T14:09:06Z,65,0.5817906921133901,50
96,2018-10-24T14:09:06Z,65,0.7169313947272918,50
97,2018-10-24T14:09:06Z,65,0.6618857593929909,50
98,2018-10-24T14:09:06Z,65,0.582846532529954,50
99,2018-10-24T14:09:06Z,65,0.6713621650949522,50
100,2018-10-24T14:09:06Z,65,0.5661667212761436,50
1,2018-10-24T14:09:06Z,60,0.5143370578339497,50
2,2018-10-24T14:09:06Z,60,0.5312444140070232,50
3,2018-10-24T14:09:06Z,60,0.5210673469826776,50
4,2018-10-24T14:09:06Z,60,0.5444877779275881,50
5,2018-10-24T14:09:06Z,60,0.7199284901023822,50
6,2018-10-24T14:09:06Z,60,0.6537985414865197,50
7,2018-10-24T14:09:06Z,60,0.6272965414791631,50
8,2018-10-24T14:09:06Z,60,0.7144456099577703,50
9,2018-10-24T14:09:06Z,60,0.6186586330102224,50
10,2018-10-24T14:09:06Z,60,0.7049740434488839,50
11,2018-10-24T14:09:06Z,60,0.6177750030418226,50
12,2018-10-24T14:09:06Z,60,0.5299134345021994,50
13,2018-10-24T14:09:06Z,60,0.7243651246141267,50
14,2018-10-24T14:09:06Z,60,0.7271989610669368,50
15,2018-10-24T14:09:06Z,60,0.7127312822045854,50
16,2018-10-24T14:09:06Z,60,0.5400814980648343,50
17,2018-10-24T14:09:06Z,60,0.4667957544391771,50
18,2018-10-24T14:09:06Z,60,0.6278837628707453,50
19,2018-10-24T14:09:06Z,60,0.42763198771262373,50
20,2018-10-24T14:09:06Z,60,0.5400409370861464,50
21,2018-10-24T14:09:06Z,60,0.5160805015135232,50
22,2018-10-24T14:09:06Z,60,0.515203506600572,50
23,2018-10-24T14:09:06Z,60,0.6090395200943308,50
24,2018-10-24T14:09:06Z,60,0.6000648989051106,50
25,2018-10-24T14:09:06Z,60,0.6031935162877712,50
26,2018-10-24T14:09:06Z,60,0.49155332445957534,50
27,2018-10-24T14:09:06Z,60,0.6284453328185124,50
28,2018-10-24T14:09:06Z,60,0.567669494436862,50
29,2018-10-24T14:09:06Z,60,0.590242564760447,50
30,2018-10-24T14:09:06Z,60,0.6045332493884001,50
31,2018-10-24T14:09:06Z,60,0.75076299943156,50
32,2018-10-24T14:09:06Z,60,0.5750219268386522,50
33,2018-10-24T14:09:06Z,60,0.6613719541451053,50
34,2018-10-24T14:09:06Z,60,0.46810343701626905,50
35,2018-10-24T14:09:06Z,60,0.5982598651345387,50
36,2018-10-24T14:09:06Z,60,0.6064832034584492,50
37,2018-10-24T14:09:06Z,60,0.5870040111937811,50
38,2018-10-24T14:09:06Z,60,0.6194776245040652,50
39,2018-10-24T14:09:06Z,60,0.5724193659626344,50
40,2018-10-24T14:09:06Z,60,0.5112297460495313,50
41,2018-10-24T14:09:06Z,60,0.7547610960289232,50
42,2018-10-24T14:09:06Z,60,0.6134581609331454,50
43,2018-10-24T14:09:06Z,60,0.7390068104566024,50
44,2018-10-24T14:09:06Z,60,0.6350610884811387,50
45,2018-10-24T14:09:06Z,60,0.5254417844957477,50
46,2018-10-24T14:09:06Z,60,0.5797001971728886,50
47,2018-10-24T14:09:06Z,60,0.7701467724734837,50
48,2018-10-24T14:09:06Z,60,0.5755090250045872,50
49,2018-10-24T14:09:06Z,60,0.6066287721700698,50
50,2018-10-24T14:09:06Z,60,0.1930193622865793,50
51,2018-10-24T14:09:06Z,60,0.4693135022239626,50
52,2018-10-24T14:09:06Z,60,0.4688778499097026,50
53,2018-10-24T14:09:06Z,60,0.5727878431000217,50
54,2018-10-24T14:09:06Z,60,0.6480104330510993,50
55,2018-10-24T14:09:06Z,60,0.29737749869572777,50
56,2018-10-24T14:09:06Z,60,0.4870819149456772,50
57,2018-10-24T14:09:06Z,60,0.6266693211881339,50
58,2018-10-24T14:09:06Z,60,0.14179996462442693,50
59,2018-10-24T14:09:06Z,60,0.6181658162339814,50
60,2018-10-24T14:09:06Z,60,0.7267913926175588,50
61,2018-10-24T14:09:06Z,60,0.7819400493486725,50
62,2018-10-24T14:09:06Z,60,0.49355997122502093,50
63,2018-10-24T14:09:06Z,60,0.18913920014422983,50
64,2018-10-24T14:09:06Z,60,0.6435151991262039,50
65,2018-10-24T14:09:06Z,60,0.6034214008640358,50
66,2018-10-24T14:09:06Z,60,0.4413046454785688,50
67,2018-10-24T14:09:06Z,60,0.2965527870894164,50
68,2018-10-24T14:09:06Z,60,0.5344564843635599,50
69,2018-10-24T14:09:06Z,60,0.7108275339720013,50
70,2018-10-24T14:09:06Z,60,0.7204801408632314,50
71,2018-10-24T14:09:06Z,60,0.5511667699248564,50
72,2018-10-24T14:09:06Z,60,0.5727790107134604,50
73,2018-10-24T14:09:06Z,60,0.505216631828505,50
74,2018-10-24T14:09:06Z,60,0.6415287402946924,50
75,2018-10-24T14:09:06Z,60,0.6290746630108757,50
76,2018-10-24T14:09:06Z,60,0.5024778095480729,50
77,2018-10-24T14:09:06Z,60,0.4971826734193833,50
78,2018-10-24T14:09:06Z,60,0.023872605663260195,50
79,2018-10-24T14:09:06Z,60,0.6587857621448169,50
80,2018-10-24T14:09:06Z,60,0.5947506709551951,50
81,2018-10-24T14:09:06Z,60,0.5466479811373097,50
82,2018-10-24T14:09:06Z,60,0.6841557206958945,50
83,2018-10-24T14:09:06Z,60,0.6737972342680993,50
84,2018-10-24T14:09:06Z,60,0.6766276359057573,50
85,2018-10-24T14:09:06Z,60,0.5364984979721095,50
86,2018-10-24T14:09:06Z,60,0.6711320942478174,50
87,2018-10-24T14:09:06Z,60,0.7498209627982411,50
88,2018-10-24T14:09:06Z,60,0.5771670981039682,50
89,2018-10-24T14:09:06Z,60,0.7516923251650769,50
90,2018-10-24T14:09:06Z,60,0.6738309903621734,50
91,2018-10-24T14:09:06Z,60,0.45422935915078955,50
92,2018-10-24T14:09:06Z,60,0.60000582087669,50
93,2018-10-24T14:09:06Z,60,0.6735663248908279,50
94,2018-10-24T14:09:06Z,60,0.5309175862938615,50
95,2018-10-24T14:09:06Z,60,0.4188989677023184,50
96,2018-10-24T14:09:06Z,60,0.4091404317425374,50
97,2018-10-24T14:09:06Z,60,0.46550831565795325,50
98,2018-10-24T14:09:06Z,60,0.6534655342494283,50
99,2018-10-24T14:09:06Z,60,0.19256414517027037,50
100,2018-10-24T14:09:06Z,60,0.6616256972016962,50
1,2018-10-24T14:09:06Z,55,0.4522594827617709,50
2,2018-10-24T14:09:06Z,55,0.5739192220804475,50
3,2018-10-24T14:09:06Z,55,0.5669090443541371,50
4,2018-10-24T14:09:06Z,55,0.29520491109864877,50
5,2018-10-24T14:09:06Z,55,0.5941301657461455,50
6,2018-10-24T14:09:06Z,55,0.47289789415681094,50
7,2018-10-24T14:09:06Z,55,0.6475960711735524,50
8,2018-10-24T14:09:06Z,55,0.6390064460037621,50
9,2018-10-24T14:09:06Z,55,0.6768963010168269,50
10,2018-10-24T14:09:06Z,55,0.29446207738450825,50
11,2018-10-24T14:09:06Z,55,0.26164256284163323,50
12,2018-10-24T14:09:06Z,55,0.5355959375477337,50
13,2018-10-24T14:09:06Z,55,0.5638609777202905,50
14,2018-10-24T14:09:06Z,55,0.5375845838993136,50
15,2018-10-24T14:09:06Z,55,0.5458125962971506,50
16,2018-10-24T14:09:06Z,55,0.5687339179269285,50
17,2018-10-24T14:09:06Z,55,0.5372772315669448,50
18,2018-10-24T14:09:06Z,55,0.7321317051076189,50
19,2018-10-24T14:09:06Z,55,0.2696218096486399,50
20,2018-10-24T14:09:06Z,55,0.363078934733587,50
21,2018-10-24T14:09:06Z,55,0.723791008176089,50
22,2018-10-24T14:09:06Z,55,0.24094318297147893,50
23,2018-10-24T14:09:06Z,55,0.1847389328743785,50
24,2018-10-24T14:09:06Z,55,0.5463176491655445,50
25,2018-10-24T14:09:06Z,55,0.6931384734102571,50
26,2018-10-24T14:09:06Z,55,0.5907668719364758,50
27,2018-10-24T14:09:06Z,55,0.5779859124406825,50
28,2018-10-24T14:09:06Z,55,0.723621571422925,50
29,2018-10-24T14:09:06Z,55,0.5941320723167501,50
30,2018-10-24T14:09:06Z,55,0.5024461698249147,50
31,2018-10-24T14:09:06Z,55,0.04424790218834453,50
32,2018-10-24T14:09:06Z,55,0.5569957188950543,50
33,2018-10-24T14:09:06Z,55,0.47669809754115067,50
34,2018-10-24T14:09:06Z,55,0.2672727305617164,50
35,2018-10-24T14:09:06Z,55,0.5366588429156681,50
36,2018-10-24T14:09:06Z,55,0.6565323548752428,50
37,2018-10-24T14:09:06Z,55,0.521799959854495,50
38,2018-10-24T14:09:06Z,55,0.11519528917443411,50
39,2018-10-24T14:09:06Z,55,0.5263652644034561,50
40,2018-10-24T14:09:06Z,55,0.4291391979650231,50
41,2018-10-24T14:09:06Z,55,-0.1266394687467418,50
42,2018-10-24T14:09:06Z,55,0.5571422716547282,50
43,2018-10-24T14:09:06Z,55,0.6284223445624644,50
44,2018-10-24T14:09:06Z,55,0.3726149688294983,50
45,2018-10-24T14:09:06Z,55,0.6635618597815353,50
46,2018-10-24T14:09:06Z,55,0.7180586643452228,50
47,2018-10-24T14:09:06Z,55,0.6524640608853518,50
48,2018-10-24T14:09:06Z,55,0.33913423574923307,50
49,2018-10-24T14:09:06Z,55,0.5231409299305878,50
50,2018-10-24T14:09:06Z,55,0.5510125316311856,50
51,2018-10-24T14:09:06Z,55,0.4850279360819277,50
52,2018-10-24T14:09:06Z,55,0.32677013104230995,50
53,2018-10-24T14:09:06Z,55,0.5693778220095208,50
54,2018-10-24T14:09:06Z,55,0.5108849586332768,50
55,2018-10-24T14:09:06Z,55,0.665218086076322,50
56,2018-10-24T14:09:06Z,55,0.6859570420410936,50
57,2018-10-24T14:09:06Z,55,0.6088867453546797,50
58,2018-10-24T14:09:06Z,55,0.5921072764504799,50
59,2018-10-24T14:09:06Z,55,0.5477039333487672,50
60,2018-10-24T14:09:06Z,55,0.6033673865078316,50
61,2018-10-24T14:09:06Z,55,0.5300407856575067,50
62,2018-10-24T14:09:06Z,55,0.5997417289877319,50
63,2018-10-24T14:09:06Z,55,0.5011547319871953,50
64,2018-10-24T14:09:06Z,55,0.5142226092068988,50
65,2018-10-24T14:09:06Z,55,0.4236406739579242,50
66,2018-10-24T14:09:06Z,55,0.6162732481597175,50
67,2018-10-24T14:09:06Z,55,0.6062906459695014,50
68,2018-10-24T14:09:06Z,55,0.4944408455767307,50
69,2018-10-24T14:09:06Z,55,0.6576496974875571,50
70,2018-10-24T14:09:06Z,55,0.6521199033088363,50
71,2018-10-24T14:09:06Z,55,0.7523874746973802,50
72,2018-10-24T14:09:06Z,55,0.5504581118729687,50
73,2018-10-24T14:09:06Z,55,0.48979156720971406,50
74,2018-10-24T14:09:06Z,55,0.5486082575575906,50
75,2018-10-24T14:09:06Z,55,0.2554679593634825,50
76,2018-10-24T14:09:06Z,55,0.1038152388492147,50
77,2018-10-24T14:09:06Z,55,0.5865377039849442,50
78,2018-10-24T14:09:06Z,55,0.556278565918203,50
79,2018-10-24T14:09:06Z,55,0.6916509066245885,50
80,2018-10-24T14:09:06Z,55,0.3856870191077353,50
81,2018-10-24T14:09:06Z,55,0.646596210923312,50
82,2018-10-24T14:09:06Z,55,0.5066748393526517,50
83,2018-10-24T14:09:06Z,55,0.461745488703426,50
84,2018-10-24T14:09:06Z,55,0.663164840088163,50
85,2018-10-24T14:09:06Z,55,0.6377409871409001,50
86,2018-10-24T14:09:06Z,55,0.6707842305977861,50
87,2018-10-24T14:09:06Z,55,0.6407099512366069,50
88,2018-10-24T14:09:06Z,55,0.6200386693650024,50
89,2018-10-24T14:09:06Z,55,0.5263507823938796,50
90,2018-10-24T14:09:06Z,55,0.48388934253347715,50
91,2018-10-24T14:09:06Z,55,0.5500012039145457,50
92,2018-10-24T14:09:06Z,55,0.6423665467235851,50
93,2018-10-24T14:09:06Z,55,0.6338813338563993,50
94,2018-10-24T14:09:06Z,55,0.6247589859225592,50
95,2018-10-24T14:09:06Z,55,0.561561039027304,50
96,2018-10-24T14:09:06Z,55,0.6145352762496179,50
97,2018-10-24T14:09:06Z,55,0.47064751500400476,50
98,2018-10-24T14:09:06Z,55,0.650082410247812,50
99,2018-10-24T14:09:06Z,55,0.42439714608853385,50
100,2018-10-24T14:09:06Z,55,0.5357360102374896,50
1,2018-10-24T14:09:06Z,NA,-0.11934472750183818,50
2,2018-10-24T14:09:06Z,NA,-0.020085216125801306,50
3,2018-10-24T14:09:06Z,NA,0.02306227304646975,50
4,2018-10-24T14:09:06Z,NA,-0.1929934821059291,50
5,2018-10-24T14:09:06Z,NA,-0.08201541946922311,50
6,2018-10-24T14:09:06Z,NA,-0.02788535488761861,50
7,2018-10-24T14:09:06Z,NA,0.27054811240096555,50
8,2018-10-24T14:09:06Z,NA,-0.18912684304669336,50
9,2018-10-24T14:09:06Z,NA,0.17630682580132653,50
10,2018-10-24T14:09:06Z,NA,0.08386425153261746,50
11,2018-10-24T14:09:06Z,NA,0.03947710202108719,50
12,2018-10-24T14:09:06Z,NA,-0.31461061658252343,50
13,2018-10-24T14:09:06Z,NA,-0.1920889776185759,50
14,2018-10-24T14:09:06Z,NA,0.01810166686840908,50
15,2018-10-24T14:09:06Z,NA,0.15534156408872618,50
16,2018-10-24T14:09:06Z,NA,-0.14232233524135288,50
17,2018-10-24T14:09:06Z,NA,0.085283707784313,50
18,2018-10-24T14:09:06Z,NA,0.04930357618251682,50
19,2018-10-24T14:09:06Z,NA,-0.11288617613958711,50
20,2018-10-24T14:09:06Z,NA,0.2785429726745022,50
21,2018-10-24T14:09:06Z,NA,0.07828648936321293,50
22,2018-10-24T14:09:06Z,NA,-0.21967063743625198,50
23,2018-10-24T14:09:06Z,NA,-0.21592068758677127,50
24,2018-10-24T14:09:06Z,NA,0.02899132273579539,50
25,2018-10-24T14:09:06Z,NA,-0.06416916307131204,50
26,2018-10-24T14:09:06Z,NA,-0.2553089734085198,50
27,2018-10-24T14:09:06Z,NA,0.049326431266168966,50
28,2018-10-24T14:09:06Z,NA,-0.09331152520049923,50
29,2018-10-24T14:09:06Z,NA,0.13916031154238614,50
30,2018-10-24T14:09:06Z,NA,-0.12329921955537386,50
31,2018-10-24T14:09:06Z,NA,0.09686336468001797,50
32,2018-10-24T14:09:06Z,NA,0.025894081592625805,50
33,2018-10-24T14:09:06Z,NA,-0.04694816327741301,50
34,2018-10-24T14:09:06Z,NA,-0.03301346307641403,50
35,2018-10-24T14:09:06Z,NA,0.257785508834887,50
36,2018-10-24T14:09:06Z,NA,-0.23008429688372045,50
37,2018-10-24T14:09:06Z,NA,-0.08709930998195647,50
38,2018-10-24T14:09:06Z,NA,-0.17775860046336034,50
39,2018-10-24T14:09:06Z,NA,0.15331916180443142,50
40,2018-10-24T14:09:06Z,NA,-0.0512038951393479,50
41,2018-10-24T14:09:06Z,NA,-0.30386053275456265,50
42,2018-10-24T14:09:06Z,NA,-0.1584930920044473,50
43,2018-10-24T14:09:06Z,NA,0.29234228125752715,50
44,2018-10-24T14:09:06Z,NA,0.03056116203256559,50
45,2018-10-24T14:09:06Z,NA,0.1303777338875291,50
46,2018-10-24T14:09:06Z,NA,0.010321057389617702,50
47,2018-10-24T14:09:06Z,NA,-0.042905205821293986,50
48,2018-10-24T14:09:06Z,NA,0.3078056830151519,50
49,2018-10-24T14:09:06Z,NA,0.03142775433914323,50
50,2018-10-24T14:09:06Z,NA,0.08873374142821648,50
51,2018-10-24T14:09:06Z,NA,0.15936816637625048,50
52,2018-10-24T14:09:06Z,NA,2.676505150132064e-4,50
53,2018-10-24T14:09:06Z,NA,0.04078696967991514,50
54,2018-10-24T14:09:06Z,NA,-0.14837203085377285,50
55,2018-10-24T14:09:06Z,NA,0.13171404016621754,50
56,2018-10-24T14:09:06Z,NA,0.2047743572565276,50
57,2018-10-24T14:09:06Z,NA,0.07829573991410674,50
58,2018-10-24T14:09:06Z,NA,0.1408845291913149,50
59,2018-10-24T14:09:06Z,NA,0.018000990095640726,50
60,2018-10-24T14:09:06Z,NA,0.017456291491283905,50
61,2018-10-24T14:09:06Z,NA,-0.019722319543093485,50
62,2018-10-24T14:09:06Z,NA,0.11997530428911213,50
63,2018-10-24T14:09:06Z,NA,-0.09356637659601486,50
64,2018-10-24T14:09:06Z,NA,-0.028064231508070706,50
65,2018-10-24T14:09:06Z,NA,0.19033785552770408,50
66,2018-10-24T14:09:06Z,NA,-0.31135956337854304,50
67,2018-10-24T14:09:06Z,NA,-0.2696232488485006,50
68,2018-10-24T14:09:06Z,NA,-0.2980135464504693,50
69,2018-10-24T14:09:06Z,NA,-0.24626336395660933,50
70,2018-10-24T14:09:06Z,NA,0.16009283056164286,50
71,2018-10-24T14:09:06Z,NA,0.05510786387903097,50
72,2018-10-24T14:09:06Z,NA,-0.021194394141884704,50
73,2018-10-24T14:09:06Z,NA,0.1475894337927214,50
74,2018-10-24T14:09:06Z,NA,0.053225516188607686,50
75,2018-10-24T14:09:06Z,NA,0.09387133490584228,50
76,2018-10-24T14:09:06Z,NA,0.15263797169177867,50
77,2018-10-24T14:09:06Z,NA,-0.04455435681211721,50
78,2018-10-24T14:09:06Z,NA,-0.10534654475191245,50
79,2018-10-24T14:09:06Z,NA,0.00926109337071998,50
80,2018-10-24T14:09:06Z,NA,-0.06442611908250771,50
81,2018-10-24T14:09:06Z,NA,0.01960863444762525,50
82,2018-10-24T14:09:06Z,NA,0.04990372138641948,50
83,2018-10-24T14:09:06Z,NA,0.05488797093767538,50
84,2018-10-24T14:09:06Z,NA,0.24652160819068097,50
85,2018-10-24T14:09:06Z,NA,0.10125480410404844,50
86,2018-10-24T14:09:06Z,NA,-0.08632912296972547,50
87,2018-10-24T14:09:06Z,NA,-0.25705407778120676,50
88,2018-10-24T14:09:06Z,NA,0.06223929225769941,50
89,2018-10-24T14:09:06Z,NA,0.21128639196144589,50
90,2018-10-24T14:09:06Z,NA,0.07079151679751239,50
91,2018-10-24T14:09:06Z,NA,-0.2113500608865328,50
92,2018-10-24T14:09:06Z,NA,0.11034436204611761,50
93,2018-10-24T14:09:06Z,NA,-0.2853547811057678,50
94,2018-10-24T14:09:06Z,NA,0.056598879992387365,50
95,2018-10-24T14:09:06Z,NA,0.17967834627015858,50
96,2018-10-24T14:09:06Z,NA,-0.18778758032776305,50
97,2018-10-24T14:09:06Z,NA,0.16598597429734702,50
98,2018-10-24T14:09:06Z,NA,-0.1330748645999334,50
99,2018-10-24T14:09:06Z,NA,-0.013250091963529958,50
100,2018-10-24T14:09:06Z,NA,0.33485623196511954,50
